id,name
Q55787200,11p15.4 microduplication syndrome
Q55788229,11q22.2q22.3 microdeletion syndrome
Q55788876,12q14 microdeletion syndrome
Q55788106,13q12.3 microdeletion syndrome
Q55788076,14q24.1q24.3 microdeletion syndrome
Q55787032,1p21.3 microdeletion syndrome
Q55788261,1p35.2 microdeletion syndrome
Q55787346,20p13 microdeletion syndrome
Q55788230,20q11.2 microdeletion syndrome
Q55787794,20q11.2 microduplication syndrome
Q1926345,22q13 deletion syndrome
Q55787795,2p13.2 microdeletion syndrome
Q55787355,2q23.1 microduplication syndrome
Q15428809,2q37 deletion syndrome
Q574227,2q37 monosomy
Q27677579,"3-methylglutaconic aciduria with cataracts, neurologic involvement and neutropenia"
Q21154070,3p- syndrome
Q55788181,3p25.3 microdeletion syndrome
Q55787977,3q27.3 microdeletion syndrome
Q55785688,6q16 deletion syndrome
Q55787375,7p22.1 microduplication syndrome
Q55787558,9p13 microdeletion syndrome
Q55788075,9q31.1q31.3 microdeletion syndrome
Q50349602,ABri amyloidosis
Q50349603,ADan amyloidosis
Q55783600,AICA-ribosiduria
Q3435504,AIDS dementia complex
Q293533,AIDS phobia
Q55783858,ANE syndrome
Q55788125,ARX-related encephalopathy-brain malformation spectrum
Q3508561,ATR-16 syndrome
Q55786703,ATR-X-related syndrome
Q303123,Aarskog syndrome
Q4665116,Abdominal aura
Q4060284,Accentuation of personality traits
Q104844018,Achiria
Q10355293,Acute toxic psychosis
Q90249065,Adele syndrome
Q357522,Adipsia
Q17992586,Adolescent paranoia
Q1812920,Adult attention deficit hyperactivity disorder
Q4693581,Agoraphobia Without History of Panic Disorder
Q403463,Aicardi syndrome
Q4713249,Alcohol and breast cancer
Q4713250,Alcohol and cardiovascular disease
Q4713257,Alcohol and weight
Q4713264,Alcohol dementia
Q28135156,Alcohol intolerance
Q16002418,Alcohol myopia
Q4713313,Alcohol use and sleep
Q22236199,Alcohol-induced respiratory reactions
Q9186667,Alcoholic cerebral degeneration
Q47535995,Alcoholic ketoacidosis
Q42593774,Aldred syndrome
Q16002436,Alektorophobia
Q4731121,Allan-Herndon-Dudley syndrome
Q4734606,Alopecia contractures dwarfism mental retardation
Q2613277,Alpha-thalassemia mental retardation syndrome
Q55782425,Alport syndrome-intellectual disability-midface hypoplasia-elliptocytosis syndrome
Q64425127,Alveolar hypoventilation syndrome
Q53660493,Alwadei syndrome
Q11081,Alzheimer's disease
Q27997150,Amafufunyana
Q55783637,Amish infantile epilepsy syndrome
Q4749552,Amylophagia
Q535364,Angelman syndrome
Q4763844,Angor animi
Q489499,Animal hoarding
Q2852337,Anosodiaphoria
Q15520396,Antenatal depression
Q19903316,Antidepressant treatment tachyphylaxis
Q587795,Anton syndrome
Q15783653,Anton–Babinski syndrome
Q104870117,Apeirophobia
Q2291948,Apotemnophilia
Q1428145,Apraxia of speech
Q622138,Aprosodia
Q18553460,Armfield syndrome
Q11852863,Arts syndrome
Q734123,Asomatognosia
Q161790,Asperger syndrome
Q4812457,At risk mental state
Q4812800,Ataque de nervios
Q50364510,Ataxia-oculomotor apraxia type 4
Q55332137,Ataxia-telangiectasia-like disorder 1
Q2869281,Athymhormia
Q49988980,Atkin-Flaitz syndrome
Q1993146,Attention deficit hyperactivity disorder predominantly inattentive
Q4818692,Attraction to disability
Q3961667,Austrian syndrome
Q105925693,Autosomal recessive mental retardation-42
Q55782923,Ayme-Gripp syndrome
Q190845,BDSM
Q48990236,Bainbridge Ropers Syndrome
Q12384040,Ballstretching
Q474254,Bannayan-Riley-Ruvalcaba syndrome
Q4859683,Barbie syndrome
Q48973749,Barré–Liéou syndrome
Q102296627,Basilicata-Akhtar syndrome
Q6898244,Bathophobia
Q51796815,Bd syndrome
Q4876973,Beat deafness
Q106996443,Bell's mania
Q24977061,Benign hereditary chorea
Q4889456,Benjamin syndrome
Q4890788,Benzodiazepine overdose
Q16944551,Biemond syndrome
Q51826234,Biemond syndrome type 2
Q1399293,Binswanger's disease
Q3540858,Bipolar disorder not otherwise specified
Q18553391,Birk-Barel syndrome
Q3983411,BlackBerry thumb
Q4931259,Boanthropy
Q4936774,Body-focused repetitive behavior disorders
Q1986152,Bogart–Bacall syndrome
Q4938225,Bohring-Opitz
Q55781860,Bonnemann-Meinecke-Reich syndrome
Q1019940,Borjeson-Forssman-Lehmann syndrome
Q894689,Botellón
Q18553398,Bowen-Conradi syndrome
Q4955819,Brain fag
Q917616,Briquet's syndrome
Q28065633,Brooks-Wisniewski-Brown syndrome
Q4979092,Brunner Syndrome
Q4979461,Bruns apraxia
Q174651,Bálint's syndrome
Q1022312,C syndrome
Q55346076,CAMOS syndrome
Q5064098,CEDNIK syndrome
Q8075299,CHIME syndrome
Q3043481,CHMP2B-related frontotemporal dementia
Q55782485,CK syndrome
Q25326623,COACH Syndrome
Q1150040,Caesarean madness
Q19596215,Caffeine-induced anxiety disorder
Q54304132,Camel spongiform encephalopathy
Q9390215,Camera-Marugo-Cohen syndrome
Q573557,Candaulism
Q5032577,Cannabinoid hyperemesis syndrome
Q65065956,Cannabis and sex
Q55789834,Cantu Sanchez-Corona Fragoso syndrome
Q838018,Capgras syndrome
Q2938099,Cardiophobia
Q56014368,Carpenter-Waziri syndrome
Q55789841,Cartwright Nelson Fryns syndrome
Q5051865,Catel–Manzke syndrome
Q28024512,Cayman type cerebellar ataxia
Q55783421,Cerebrooculonasal syndrome
Q16545548,Cervicogenic headache
Q3281260,Charcot-Marie-Tooth disease type X
Q1063097,Charcot–Wilbrand syndrome
Q2868786,Charlevoix-Saguenay spastic ataxia
Q3997973,Childbirth-related posttraumatic stress disorder
Q3693493,Choreoathetosis
Q28065629,Christianson syndrome
Q56014366,Chudley-Lowry-Hoar syndrome
Q47483025,Clark-Baraitser syndrome
Q1104126,Classic autism
Q66417369,Climate psychosis
Q5135315,Closed-eye hallucination
Q5136677,Cluster B personality disorders
Q1106881,Coffin-Lowry syndrome
Q2348105,Coffin-Siris syndrome
Q1107087,Cohen syndrome
Q5151412,Comedown
Q18348488,Communication deviance
Q5156657,Complications of traumatic brain injury
Q2941671,"Congenital cataracts, facial dysmorphism, and neuropathy"
Q3620998,Constructional apraxia
Q2411489,Coprographia
Q55346059,Corticobasal syndrome
Q1136492,Costello syndrome
Q1069110,Cotard delusion
Q5176954,Counterdependency
Q852094,Couvade syndrome
Q97674167,Covidiot
Q19277644,Crane-Heise syndrome
Q51122293,Craniotelencephalic dysplasia
Q55783480,Cree mental retardation syndrome
Q49989,Creutzfeldt-Jakob disease
Q5187584,Crome syndrome
Q28683899,Cult Indoctrinee Syndrome
Q55781501,Czeizel-Losonci syndrome
Q2003840,DES daughter
Q1154764,DOOR syndrome
Q55786768,DYRK1A-related intellectual disability syndrome due to 21q22.13q22.2 microdeletion
Q2140711,Dancing mania
Q5220984,Danon disease
Q55790129,Davis Lafer syndrome
Q3843801,DeSanctis–Cacchione syndrome
Q55609245,Death-grip syndrome
Q5250381,Deep dyslexia
Q4166158,"Deficits in attention, motor control and perception"
Q5254901,Delusional companion syndrome
Q2182344,"Delusional disorder, somatic type"
Q5254902,Delusional intuition
Q56014575,Dennis-Fairhurst-Moore syndrome
Q5260908,Depression in childhood and adolescence
Q5260912,Depression of Alzheimer disease
Q3540880,Depressive Disorder Not Otherwise Specified
Q388545,Dermatophagia
Q5262716,Dermatothlasia
Q5266803,Developmental dysfluency
Q1561430,Developmental verbal dyspraxia
Q55783728,Devriendt syndrome
Q13407052,Digital voyeurism
Q1226826,Diogenes syndrome
Q1227259,Diplophonia
Q1290901,Dippoldism
Q5282244,Disinhibition
Q18459180,Disruptive mood dysregulation disorder
Q10276697,Dissociative stupor
Q3092721,Doll fetish
Q5292874,Don Juanism
Q19001108,"Drug dependence complicating pregnancy, childbirth, or the puerperium"
Q5308804,Drug-induced amnesia
Q4167713,Drunkorexia
Q2914812,Dual diagnosis
Q574741,Dubowitz syndrome
Q2336418,Dysaethesia Aethiopica
Q5319401,Dysexecutive syndrome
Q97366766,Dysorgasmia
Q5319556,Dysprosody
Q5322531,EAST syndrome
Q492054,Eating disorder not otherwise specified
Q98212994,Ecophobia
Q69906769,Elimination Disorders
Q16678468,Elpenor’s Syndrome
Q3144201,Excessive daytime sleepiness
Q22933529,Excoriated acne
Q5420055,Exercise bulimia
Q5420726,Exotic ungulate encephalopathy
Q55788088,FBLN1-related developmental delay-central nervous system anomaly-syndactyly syndrome
Q112939337,FBXW7 neurodevelopmental syndrome
Q55790216,FRAXD syndrome
Q21051307,FRAXE intellectual disability
Q18553730,FTDALS1
Q18553731,FTDALS2
Q27164433,FTDALS3
Q27164434,FTDALS4
Q4346963,Factitious dermatitis
Q5428701,Factitious diarrhea
Q195961,False memory syndrome
Q5437105,Fasting girl
Q65211038,Fear of Being Offline
Q1539031,Fear of God
Q16753510,Fear of missing out
Q5441238,Feeding disorder
Q55790235,Feingold Trainer syndrome
Q5445904,Fetal hydantoin syndrome
Q5445919,Fetal trimethadione syndrome
Q3961674,Filippi syndrome
Q55783094,Fine-Lubinsky syndrome
Q25111774,Flaccid dysarthria
Q5459852,Floating-Harbor syndrome
Q5464019,Foerster's syndrome
Q108760799,Food avoidance emotional disorder
Q856736,Foreign accent syndrome
Q5474830,Fountain syndrome
Q5477713,Fragmentation of memory
Q6137182,Frankenstein syndrome
Q1453767,Fregoli delusion
Q18411789,Fried syndrome
Q15043641,Frontotemporal dementia and parkinsonism linked to chromosome 17
Q3508635,Fryns syndrome
Q55790270,Fryns-Smeets-Thiry syndrome
Q30314097,Functional somatic syndrome
Q5512866,GAPO syndrome
Q112629079,GATAD2B-associated neurodevelopmental disorder
Q55787840,GM3 synthase deficiency
Q5513797,GMS syndrome
Q21082503,GRID2-related autosomal dominant spinocerebellar ataxia
Q107389455,GRIN disorder
Q3043478,GRN-related frontotemporal lobar degeneration with Tdp43 inclusions
Q94262854,Gabriele-de Vries syndrome
Q911160,Ganser syndrome
Q55790274,Garret Tripp syndrome
Q9300438,Gear acquisition syndrome
Q55345943,Gemignani syndrome
Q10864060,General adaptation syndrome
Q5533246,Genitopatellar syndrome
Q5535458,Geomelophagia
Q383228,Gerstmann-Straussler-Scheinker syndrome
Q1826263,Gestaltzerfall
Q5557311,Ghost sickness
Q55783942,Giacheti syndrome
Q5562120,Gillespie syndrome
Q5567102,Glass delusion
Q2680381,Godot's syndrome
Q3508639,Goldberg-Shprintzen syndrome
Q25324175,Gomez and López-Hernández syndrome
Q3007167,Gorean subculture
Q5588436,Gourmand syndrome
Q60574720,Grammar Pedantry Syndrome
Q18392425,Graphorrhea
Q55781924,Grubben-de Cock-Borghgraef syndrome
Q11811700,Guadeloupean parkinsonism
Q65063382,HIDEA syndrome
Q50846110,HSD10 disease
Q5641058,Halal syndrome
Q55781926,Hall-Riggs syndrome
Q1459851,Hallermann-Streiff syndrome
Q5643617,Haltlose personality disorder
Q55788871,Hamel cerebro-palato-cardiac syndrome
Q5656137,Harding ataxia
Q55782932,Harrod syndrome
Q5689498,Headache attributed to a substance or its withdrawal
Q4116329,Health effects of wine
Q426620,Heautoscopy
Q50349632,Helsmoortel-Van Der Aa syndrome
Q17145743,Hemimotor neglect
Q55786116,Hern
Q55780948,Hirsutism-skeletal dysplasia-intellectual disability syndrome
Q5880534,Holiday heart syndrome
Q56014365,Holmes-Gang syndrome
Q17030626,Homicidal ideation
Q190564,Huntington's disease
Q24977062,Huntington's disease-like syndrome
Q716847,Hwabyeong
Q5952606,Hyalophagia
Q5958196,Hyperkatifeia
Q25111776,Hypermerimna
Q17155582,Hypernasal speech
Q5958422,Hyperorgasmia
Q5958573,Hypersexual disorder
Q5960001,Hypophonia
Q16947142,Hysteroid dysphoria
Q55346051,ITM2B amyloidosis
Q5986402,Ichthyoallyeinotoxism
Q5988100,Ideational apraxia
Q25100073,Identity disturbance
Q38076020,Ideophrenia
Q1656812,Idiolalia
Q2730080,Idiopathic Hypersomnia
Q259065,Imaginary friend
Q6005911,Impact of alcohol on aging
Q6029060,Infantile neuroaxonal dystrophy
Q6029065,Infantile speech
Q108018120,Infectious Psychosis
Q3043342,Intensive care unit delirium
Q17142111,Interictal dysphoric disorder
Q3417919,Intermetamorphosis
Q831735,Internet addiction disorder
Q3377827,Internet phobia
Q1514248,Internet sex addiction
Q16944791,Intravenous Marijuana Syndrome
Q13476327,Ipovlopsychophobia
Q2703116,Isodicentric 15
Q6160183,Jargon aphasia
Q55782103,Jawad syndrome
Q1124410,Jerusalem syndrome
Q16940647,Johnson–McMillin syndrome
Q1101694,Joubert syndrome
Q55345933,Joubert syndrome and related disorders
Q56014367,Juberg-Marsidi syndrome
Q1718432,KBG syndrome
Q4420151,Kandinsky–Clérambault syndrome
Q17128230,Kapur–Toriello syndrome
Q6368059,Karak syndrome
Q6374996,Katagelasticism
Q6378691,Kaufman oculocerebrofacial syndrome
Q6395632,Keutel syndrome
Q6410625,Kindling
Q6420021,Klazomania
Q613809,Kleine-Levin syndrome
Q367929,Klüver–Bucy syndrome
Q55790322,Koone Rizzo Elias syndrome
Q622901,Korsakoff's syndrome
Q55790341,Kozlowski Ouvrier syndrome
Q55790347,Kozlowski Rafinski Klicharska syndrome
Q3043340,Kretschmer’s sensitive paranoia
Q6441908,Kufor-Rakeb syndrome
Q2555537,Lacunar amnesia
Q18757595,Lalophobia
Q55784997,Lamb-Shaffer syndrome
Q55782031,Lambert syndrome
Q17148671,Language-based learning disability
Q3508664,Lasthenie de Ferjol syndrome
Q438896,Late life depression
Q3961678,Laurence-Moon syndrome
Q6510192,Learning problems in childhood cancer
Q6523462,Lenz–Majewski syndrome
Q6530306,Leschke syndrome
Q6534830,Levamisole Induced Necrosis Syndrome
Q1331905,Lewy body dementia
Q63943905,Limbic-predominant age-related TDP-43 encephalopathy
Q6672148,Long-term impact of alcohol on the brain
Q6693036,Low pressure hydrocephalus
Q6694174,Lowry–MacLean syndrome
Q640836,Lujan–Fryns syndrome
Q3508653,Lytico-bodig disease
Q55783809,MAFD4
Q55783819,MAFD6
Q55787983,MAN1B1-CDG
Q6714500,MASA syndrome
Q24975607,MECP2 duplication syndrome
Q22030615,MEDNIK syndrome
Q9390272,MEHMO syndrome
Q55782508,MEND syndrome
Q55783082,MMEP syndrome
Q3026441,Machado-Joseph disease
Q10575278,Magnan's sign
Q6738337,Major depressive episode
Q8776355,Maladaptive daydreaming
Q4280488,Manichean delusion
Q94796,Marchiafava-Bignami disease
Q6758640,Marden–Walker syndrome
Q2628677,Marinesco-Sjogren syndrome
Q2580627,Masked depression
Q79052868,Mathematical disorder
Q55782071,McDonough syndrome
Q966149,McLeod syndrome
Q18026348,Megalocornea-mental retardation syndrome
Q3508673,Melnick–Needles syndrome
Q6815723,Memory distrust syndrome
Q6815724,Memory erasure
Q65085116,Menke-Hennekam syndrome
Q639203,Menkes disease
Q111955925,Mental illness in ancient Rome
Q18469530,Metabolic disease with mental disability
Q956605,Meth mouth
Q6838869,Mickleson syndrome
Q6839570,Micrographia
Q42365072,Microlissencephaly
Q55786993,Microtriplication 11q24.1
Q30892203,Midas-syndrome
Q6841190,Middle-of-the-night insomnia
Q28065619,Miles-Carpenter syndrome
Q2200977,Miller–Dieker lissencephaly syndrome
Q6873219,Mirhosseini–Holmes–Walton syndrome
Q40889241,Miscarriage and mental illness
Q6883955,Mixed anxiety-depressive disorder
Q3043350,Monothematic delusion
Q901048,Morbid jealousy
Q41398,Morgellons
Q1948630,Morsicatio buccarum
Q9247868,Motor dyslalia
Q2757585,Mowat-Wilson syndrome
Q55786562,Mowat-Wilson syndrome due to a ZEB2 point mutation
Q55786561,Mowat-Wilson syndrome due to monosomy 2q22
Q6927726,Moynahan syndrome
Q102295313,Mullegama-Klein-Martinez syndrome
Q2595788,Multiple complex developmental disorder
Q6935111,Multisystem developmental disorder
Q1414765,Munchausen by proxy
Q746426,Muscle dysmorphia
Q6942543,Musical ear syndrome
Q56296531,Mutitas
Q17042115,Myhre syndrome
Q6949353,Myxedematous psychosis
Q573868,Münchausen by Internet
Q642598,Münchausen syndrome
Q11883824,N syndrome
Q28024539,NGLY1-deficiency
Q17144153,Nance-Horan syndrome
Q3064737,Narratophilia
Q5558010,Nicolaides–Baraitser syndrome
Q12859193,Nightmare disorder
Q54888084,Nocturnal Paroxysmal Dystonia
Q7046514,Nocturnal epilepsy
Q11583761,Nocturnal sleep-related eating disorder
Q130555,Norman–Roberts syndrome
Q1415842,Norrie disease
Q55627258,Occupational health concerns of cannabis use
Q7077142,Ocular neurosis
Q55782157,Oculo-palato-cerebral syndrome
Q55783391,Okamoto syndrome
Q96397282,Old sergeant's syndrome
Q16302159,Oligophrenia
Q55782162,Oliver syndrome
Q7087988,Oliver–McFarlane syndrome
Q1757549,Onychotillomania
Q17146561,Opioid-induced hyperalgesia
Q56313649,Opto-mnestic aphasia
Q9341414,Organic dissociative disorder
Q9247870,Organic dyslalia
Q17104923,Other Specified Feeding or Eating Disorder
Q51718774,Other pervasive developmental disorders
Q104845432,Other specified dissociative disorder
Q2043695,PANDAS
Q55345884,PCNA-related progressive neurodegenerative photosensitivy syndrome
Q24975544,PGM3 deficiency
Q18553426,"PHGDH deficiency, infantile/juvenile form"
Q55346017,PLA2G6-associated neurodegeneration
Q55784958,PMP22-RAI1 contiguous gene duplication syndrome
Q55346048,PRKAR1B-related neurodegenerative dementia with intermediate filaments
Q18553427,PSAT deficiency
Q55783478,PSMNSB
Q55345800,PSNP2
Q55345814,PSNP3
Q18553428,PSPH deficiency
Q56014169,PURA-related severe neonatal hypotonia-seizures-encephalopathy syndrome
Q55788370,PYCR2-related microcephaly-progressive leukoencephalopathy
Q17163513,Pachygyria
Q102293365,Paganini-Miozzo syndrome
Q1757666,Palilalia
Q7127552,Palinacousis
Q7134469,Paradoxical laughter
Q48999477,Paragraphia
Q7135654,Paraphilia NOS
Q7136497,Parcopresis
Q1462780,Paris syndrome
Q52844159,Parkinson's disease dementia
Q25104596,Paroniria
Q18554811,Partington X-linked mental retardation syndrome
Q55629168,Pascual-Castroviejo syndrome
Q7141967,Pashayan syndrome
Q7142803,Passive drinking
Q64485022,Paternal depression
Q53700436,Pathologic personality development
Q7144824,Pathological demand avoidance
Q11698544,Pathological laughing
Q4419847,Pavlov's symptom
Q2066269,Pediatric acute-onset neuropsychiatric syndrome
Q2111918,Perseverative cognition
Q176671,Persistent genital arousal disorder
Q1559250,Peters plus syndrome
Q66429539,Petrol sniffing
Q55782201,Pfeiffer-Palm-Teller syndrome
Q1552776,Phantosmia
Q875992,Phocomelia due to thalidomide
Q18576,Pick disease
Q55783259,Pierpont syndrome
Q1164401,Pitt-Hopkins syndrome
Q56013820,Pitt-Hopkins-like syndrome
Q56002910,Pitt-Hopkins-like syndrome 2
Q7205365,Plum syndrome
Q47461990,Polyneuropathy-intellectual disability-acromicria-premature menopause syndrome
Q7227004,Polysubstance dependence
Q7233752,Post stroke depression
Q778642,Post-SSRI sexual dysfunction
Q106034550,Post-abortion survivor syndrome
Q7233499,Post-acute-withdrawal syndrome
Q60775223,Post-adoption depression syndrome
Q1188518,Post-traumatic amnesia
Q7233592,Post-traumatic epilepsy
Q7233593,Post-traumatic seizure
Q5488618,Post-vacation blues
Q2869816,Posterior cortical atrophy
Q1537070,Postictal  twilight state
Q12192253,Postperfusion syndrome
Q39656409,Potocki-Luspski syndrome
Q55346035,PrP systemic amyloidosis
Q55787986,Prader-Willi-like syndrome
Q55787987,Prader-Willi-like syndrome due to point mutation
Q7238040,Prairie madness
Q28065609,Prieto syndrome
Q55999603,Primary enuresis
Q7243682,Primrose syndrome
Q7250686,Prosopamnesia
Q42311255,Pseudoaminopterin syndrome
Q55781623,Pseudoprogeria syndrome
Q7255548,Pseudosenility
Q22975779,Psychasthenia
Q7256234,Psychiatric disorders of childbirth
Q9394941,Psychogenic alopecia
Q7256347,Psychogenic alopecia in cats
Q7256349,Psychogenic pruritus
Q3510780,Puberphonia
Q7261173,Purely Obsessional OCD
Q7261223,Purging disorder
Q7267327,Qazi Markouizos syndrome
Q2103933,REM sleep behavior disorder
Q54932054,REM sleep parasomnia
Q30989182,RIDDLE syndrome
Q103839144,Rahman syndrome
Q7289967,Ramos-Arroyo syndrome
Q102293978,Raynaud-Claes syndrome
Q3044888,Recurrent brief depression
Q622454,Red Scare
Q20983108,Red Scare in Japan
Q7305419,Red wine headache
Q786896,Reinke's edema
Q7310756,Relationship obsessive–compulsive disorder
Q7311385,Religious paranoia
Q56014369,Renier-Gabreels-Jasper syndrome
Q7313459,Renpenning syndrome
Q7315909,Respiratory bronchiolitis interstitial lung disease
Q16979375,Retarded depression
Q2146200,Retired husband syndrome
Q917357,Rett syndrome
Q55784957,Roifman syndrome
Q7376681,Rud syndrome
Q7376987,Rudiger syndrome
Q55781460,Ruvalcaba syndrome
Q7389072,SCARF syndrome
Q55784972,SLC39A8-CDG
Q11243738,SM girl
Q175918,SSRI discontinuation syndrome
Q55998485,STUT1
Q55999825,STUT2
Q56003046,STUT3
Q56003051,STUT4
Q56278375,SYT1-associated neurodevelopmental disorder
Q18448658,Salt craving
Q55782100,Say-Barber-Miller syndrome
Q7429383,Say–Meyer syndrome
Q7431481,Schinzel–Giedion syndrome
Q50349621,Schuurs-Hoeijmakers Syndrome
Q7442226,Seaver Cassidy syndrome
Q7444204,Secretan's syndrome
Q56313643,Semantic aphasia
Q7449060,Semantic dyslexia
Q7451812,Separation anxiety in dogs
Q19703046,"Severe X-linked intellectual disability, Gustavson type"
Q12373588,Severe mental retardation
Q109393972,Sex with donkey
Q7458757,Sexual anorexia
Q3540872,Sexual maturation disorder
Q7458802,Sexual obsessions
Q3406281,Sexual relationship disorder
Q21452236,Sexuality after spinal cord injury
Q11612290,Shenkui
Q478891,Simpson-Golabi-Behmel syndrome
Q60195338,Simpson-Golabi-Behmel syndrome type 2
Q104414279,Skraban-Deardorff syndrome
Q2569523,Skumin syndrome
Q54959848,"Sleep Disorders, Intrinsic"
Q85801575,Sleep emailing
Q7539766,Sleep state misperception
Q7544659,Smile mask syndrome
Q998273,Smith-Lemli-Opitz syndrome
Q2295338,Smith-Magenis syndrome
Q7545701,Smith–Fineman–Myers syndrome
Q25312963,Smokeless tobacco keratosis
Q113162104,Snijders Blok-Campeau syndrome
Q106296410,Snijders Blok-Fisher syndrome
Q22965579,Snyder-Robinson syndrome
Q85847240,Social (pragmatic) communication disorder
Q4428661,Somatoparaphrenia
Q635495,Somniloquy
Q24977247,Spastic ataxia-corneal dystrophy syndrome
Q111966757,Spatial anxiety
Q19978640,Specific developmental disorders of speech and language
Q5356302,Speech and language impairment
Q28469667,Spiritual drunkenness
Q542105,Springtime lethargy
Q43389521,Steinfeld syndrome
Q7617360,Stimmler syndrome
Q2802231,Subcortical dementia
Q7633608,Sudden wealth syndrome
Q522163,Sydenham's chorea
Q21660315,Syntactic aphasia
Q3043344,Sérieux and Capgras delusions of interpretation
Q55785055,TELO2-related intellectual disability-neurodevelopmental disorder
Q55784028,THOC6-related developmental delay-microcephaly-facial dysmorphism syndrome
Q55785010,TMEM199-CDG
Q7685722,Tardive dysmentia
Q53160608,Tatton-Brown-Rahman Syndrome
Q55783840,Temple-Baraitser syndrome
Q9390463,Temtamy preaxial brachydactyly syndrome
Q54366503,Temtamy syndrome
Q6147355,Thyrotoxicosis factitia
Q2784967,Tone deafness
Q9390445,Toriello-Carey syndrome
Q191779,Tourette syndrome
Q4465866,Tourettism
Q2449188,Transient epileptic amnesia
Q3657255,Transmissible mink encephalopathy
Q105038706,Unipolar mania
Q85812360,Unspecified paraphilic disorder
Q241827,Upper airway resistance syndrome
Q7900262,Urban–Rogers–Meyer syndrome
Q7902079,Usog
Q102293225,Van Esch-O'Driscoll syndrome
Q18966114,Van Maldergem syndrome
Q66804105,Van Maldergem syndrome 1
Q55784756,Verheij syndrome
Q110493745,Veronal poisoning
Q30302405,Visual Hallucinations in Psychosis
Q4117792,Vocal fold cyst
Q1386976,W syndrome
Q7968034,Wannarexia
Q2549256,Warfarin Embryopathy
Q4348144,Weaver syndrome
Q55787738,Weaver-Williams syndrome
Q6137204,Wendy's syndrome
Q1573307,Wernicke encephalopathy
Q2563352,Wernicke–Korsakoff syndrome
Q50349641,White-Sutton syndrome
Q48989140,Wieacker syndrome
Q3508774,Wiedemann-Rautenstrauch syndrome
Q24975353,Wiedemann-Steiner syndrome
Q74750128,Wikipedia addiction
Q8000937,Wild man syndrome
Q558077,Williams-Beuren syndrome
Q117121,Wilson disease
Q8023321,Wilson–Turner syndrome
Q127770,Witzelsucht
Q8032762,Woodhouse–Sakati syndrome
Q55782493,X-linked cerebral-cerebellar-coloboma syndrome syndrome
Q55782500,X-linked colobomatous microphthalmia-microcephaly-intellectual disability-short stature syndrome
Q55787872,X-linked congenital disorder of glycosylation with intellectual disability as a major feature
Q55782492,"X-linked dominant chondrodysplasia, Chassaing-Lacombe type"
Q55782450,X-linked epilepsy-learning disabilities-behavior disorders syndrome
Q55788367,X-linked female restricted facial dysmorphism-short stature-choanal atresia-intellectual disability
Q102296711,X-linked intellectual developmental disorder 108
Q25381003,X-linked lissencephaly with abnormal genitalia
Q55782534,X-linked mandibulofacial dysostosis
Q54553054,X-linked mental retardation 1
Q54319961,X-linked mental retardation 102
Q53660494,X-linked mental retardation 106
Q55373611,X-linked mental retardation with cerebellar hypoplasia and distinctive facial appearance
Q55788185,X-linked microcephaly-growth retardation-prognathism-cryptorchidism syndrome
Q55346080,"X-linked neurodegenerative syndrome, Bertini type"
Q55346081,"X-linked neurodegenerative syndrome, Hamel type"
Q55345743,X-linked progressive cerebellar ataxia
Q55788635,X-linked recessive intellectual disability-macrocephaly-ciliary dysfunction syndrome
Q8042637,XXXY syndrome
Q55787839,XYLT1-CDG
Q106311469,XYYY syndrome
Q25111656,Xia-Gibbs Syndrome
Q55786961,Xp22.13p22.2 duplication syndrome
Q55787377,Xq12-q13.3 duplication syndrome
Q1408567,Xylophagia
Q8058422,Young-Simpson syndrome
Q17155571,Young–Madders syndrome
Q48969022,ZTTK syndrome
Q167868,Zamzam–Sheriff–Phillips syndrome
Q8066470,Zapoy
Q22978786,Zechi-Ceide Syndrome
Q55788386,Zellweger-like syndrome without peroxisomal anomalies
Q199295,Zieve's syndrome
Q8072143,Zimmermann–Laband syndrome
Q8074613,Zou huo ru mo
Q2849709,abandonment anxiety
Q520720,abasiophilia
Q319812,abetalipoproteinemia
Q335941,aboulia
Q4668562,aboulomania
Q1425065,absent-mindedness
Q2258219,abuse of medicaments
Q2822642,acarophobia
Q337604,aceruloplasminemia
Q55788087,acitretin/etretinate embryopathy
Q420339,acoasma
Q56333285,acousticophilia
Q55346057,acquired Creutzfeldt-Jakob disease
Q55787932,acquired kinky hair syndrome
Q4675304,acrocallosal syndrome
Q55782856,acrocardiofacial syndrome
Q21154051,acrofacial dysostosis Rodriguez type
Q21154052,"acrofacial dysostosis, Catania type"
Q56344846,acrophilia
Q461925,acrotomophilia
Q4677466,activation syndrome
Q15636221,acute aphasia
Q50349821,acute infantile liver failure-cerebellar ataxia-peripheral sensory motor neuropathy syndrome
Q18967729,acute psychogenic paranoid psychosis
Q18967629,acute schizophrenic episode chronic state
Q18967628,acute schizophrenic episode chronic state with acute exacerbation
Q18966843,acute schizophrenic episode in remission
Q18967627,acute schizophrenic episode subchronic state
Q18966757,acute schizophrenic episode subchronic state with acute exacerbation
Q424221,acute stress disorder
Q18967156,acute stress reaction with predominant disturbance of consciousness
Q18967391,acute undifferentiated schizophrenia
Q3306774,addictive personality
Q317158,adjustment disorder
Q177809,adult Refsum disease
Q3338664,adult-onset basal ganglia disease
Q1125121,advanced sleep phase syndrome
Q69880879,affective psychotic disorder
Q9089591,affective spectrum
Q30892488,afferent motor aphasia
Q22906231,afrophobia
Q206716,agalmatophilia
Q55783750,agammaglobulinemia-microcephaly-craniosynostosis-severe dermatitis syndrome
Q3357668,agnathia-otocephaly complex
Q220322,agnosia
Q3328200,agoraphilia
Q174589,agoraphobia
Q2423084,agrammatism
Q395931,agraphia
Q4694196,agrizoophobia
Q397554,agrypnia excitata
Q55789862,agyria pachygyria polymicrogyria
Q55789863,agyria-pachygyria type 1
Q2268045,aichmophobia
Q405385,ailurophobia
Q418509,akinetic abulic syndrome
Q784564,akinetopsia
Q7331102,alcohol abuse
Q45462238,alcohol amnestic disorder
Q4713253,alcohol and cancer
Q11290178,alcohol and health
Q3683900,alcohol coma
Q4713259,alcohol consumption by youth in the United States
Q4713263,alcohol dependence
Q56317181,alcohol effects on circadian rhythm
Q15847787,alcohol enema
Q750343,alcohol flush reaction
Q16496265,alcohol poisoning
Q16002420,alcohol use among college students
Q2832218,alcohol use among college students in France
Q39088416,alcohol use during pregnancy
Q1345798,alcohol withdrawal seizure
Q2914873,alcohol withdrawal syndrome
Q18555102,alcohol-induced mental disorder
Q4062514,alcohol-induced psychotic disorder
Q18553388,alcohol-related birth defect
Q18205193,alcohol-related brain damage
Q56014553,alcohol-related disorders
Q18553387,alcohol-related neurodevelopmental disorder
Q97999977,alcoholic Korsakoff syndrome
Q2305174,alcoholic cardiomyopathy
Q18816398,alcoholic cerebellar degeneration
Q110572881,alcoholic deterioration
Q25416562,alcoholic fatty liver
Q18557999,alcoholic gastritis
Q1040275,alcoholic hallucinosis
Q3144986,alcoholic hepatitis
Q6470994,alcoholic liver cirrhosis
Q558404,alcoholic liver disease
Q4713328,alcoholic lung disease
Q11781606,alcoholic myopathy
Q4062508,alcoholic neuropathy
Q4062516,alcoholic palimpsest
Q18556573,alcoholic pancreatitis
Q28501397,alcoholic paranoid
Q15326,alcoholism
Q2647480,alcoholism in adolescence
Q16543572,alcoholism in adolescence in France
Q1129046,alexithymia
Q1570503,algolagnia
Q2649390,allolalia
Q3612627,allomnesia
Q1484024,alogia
Q55780307,alopecia-epilepsy-pyorrhea-intellectual disability syndrome
Q55781640,alopecia-intellectual disability syndrome
Q102293819,alopecia-mental retardation syndrome 1
Q55999861,alopecia-mental retardation syndrome 2
Q56002749,alopecia-mental retardation syndrome 3
Q111042737,alopecia-mental retardation syndrome 4
Q25377826,alternative psychosis
Q5916945,altitude insomnia
Q18209225,alvinolagnia
Q1131359,amaxophobia
Q462833,amentia
Q55785873,aminopterin/methotrexate embryofetopathy
Q11072,amnesia
Q2914153,amotivational syndrome
Q4748162,amphetamine dependence
Q18557338,amphetamine-related disorders
Q481787,amusia
Q3705268,amyotrophic lateral sclerosis and frontotemporal dementia
Q22906361,anabolic-androgenic steroids abuse
Q3044887,anaclitic depression
Q486058,anaphrodisia
Q486445,anarthria
Q6017136,anatidaephobia
Q2028822,androphobia
Q944108,animal phobia
Q4765258,aniridia ataxia renal agenesis psychomotor retardation
Q55785319,aniridia-intellectual disability syndrome
Q55785318,aniridia-ptosis-intellectual disability-familial obesity syndrome
Q567576,anomic aphasia
Q567713,anorexia mirabilis
Q131749,anorexia nervosa
Q1772397,anorgasmia
Q567869,anosognosia
Q3048964,antabuse effect
Q572111,anterograde amnesia
Q574485,anthropophobia
Q18554152,antidepressant abuse
Q118418,antisocial personality disorder
Q154430,anxiety
Q16054607,anxiety
Q544006,anxiety disorder
Q3347244,anxiety neurosis
Q55780338,aortic arch anomaly-facial dysmorphism-intellectual disability syndrome
Q309406,apathy
Q46545345,apathy-aboulia syndrome
Q2836,aphasia
Q12300636,aphemia
Q514686,aphonia
Q55787565,aphonia-deafness-retinal dystrophy-bifid halluces-intellectual disability syndrome
Q30918966,aphrodisia
Q1859754,apperceptive agnosia
Q58145981,apragmatism
Q498916,apraxia
Q2859168,aquaphilia
Q55785348,arachnodactyly-abnormal ossification-intellectual disability syndrome
Q220783,arachnophobia
Q55789813,arena syndrome
Q748104,arithmomania
Q12230347,armpit fetishism
Q5832715,army disease
Q4795924,arrested development
Q18556221,articulation disorder
Q3625125,asemia
Q2254511,associative agnosia
Q739221,astereognosia
Q9169874,asymptomatic neurosyphilis
Q18553767,asymptomatic neurosyphilis
Q4071950,atactic thinking
Q387082,ataxia telangiectasia
Q55346098,ataxia with dementia
Q18553452,ataxia with oculomotor apraxia type 1
Q26492776,ataxia with oculomotor apraxia type 3
Q55784818,ataxia-intellectual disability-oculomotor apraxia-cerebellar cysts syndrome
Q55345892,ataxia-oculomotor apraxia type 4
Q55785354,ataxia-photosensitivity-short stature syndrome
Q56014123,ataxia-telangiectasia variant
Q55345692,ataxia-telangiectasia with generalized skin pigmentation and early death
Q55345773,ataxia-telangiectasia-like disorder
Q18553377,atelosteogenesis
Q49970049,atelosteogenesis type I
Q2870197,atelosteogenesis type II
Q4815725,athymhormic syndrome
Q4072248,atremia
Q3540868,attachment disorder
Q67198812,attention deficit and disruptive behavior disorders
Q36941615,attention deficit disorder
Q181923,attention deficit hyperactivity disorder
Q2156290,atychiphobia
Q56014032,atypical Rett syndrome
Q9162871,atypical autism
Q2657784,atypical depressive disorder
Q18967557,atypical manic disorder
Q55345950,atypical pantothenate kinase-associated neurodegeneration
Q55346109,atypical progressive supranuclear palsy syndrome
Q24886208,atypical psychosis
Q10601887,atypical scrapie
Q1511436,auditory agnosia
Q1054088,auditory hallucination
Q739481,aura
Q4825823,autagonistophilia
Q784428,autassassinophilia
Q38404,autism
Q1436063,autism spectrum disorder
Q55784749,autism spectrum disorder-epilepsy-arthrogryposis syndrome
Q55785384,autism-facial port-wine stain syndrome
Q23808084,autistic catatonia
Q72423832,autistic meltdown
Q24951653,autistic savant
Q67135649,autistic special interest
Q9638726,autoandrophilia
Q782444,autogynephilia
Q787420,automation disorder
Q102296249,autosomal dominant Aarskog syndrome
Q622925,Vestibulocerebellar syndrome
Q19587382,autosomal dominant non-syndromic intellectual disability
Q3589157,autosomal dominant nocturnal frontal lobe epilepsy
Q32136892,autosomal recessive Parkinson disease 14
Q55345810,"autosomal recessive ataxia, Beauce type"
Q4826996,autosomal recessive cerebellar ataxia
Q32143448,autosomal recessive complex spastic paraplegia type 9B
Q55346091,autosomal recessive congenital cerebellar ataxia
Q55346094,autosomal recessive degenerative and progressive cerebellar ataxia
Q55783738,autosomal recessive frontotemporal pachygyria
Q102295570,autosomal recessive intellectual developmental disorder-72
Q27429766,autosomal recessive limb-girdle muscular dystrophy
Q55395649,autosomal recessive mental retardation-34 with variant lissencephaly
Q55346092,autosomal recessive metabolic cerebellar ataxia
Q19587384,autosomal recessive non-syndromic intellectual disability
Q55346010,autosomal recessive spastic ataxia
Q55346095,autosomal recessive syndromic cerebellar ataxia
Q4827018,autotopagnosia
Q4827032,autovampirism
Q509122,avoidant personality disorder
Q7447762,avoidant/restrictive food intake disorder
Q3058278,balloon fetish
Q4261984,barbiturate dependence
Q1184752,barbiturate overdose
Q12081209,battology
Q4362373,beer alcoholism
Q1513352,behavioral addiction
Q1815366,behavioral disorder
Q2769397,behavioral disorder associated with intellectual disabilities
Q3508799,behavioral phenotypes in genetic syndromes
Q55345980,behavioral variant of frontotemporal dementia
Q28130457,belief perseverance
Q9347500,belle indifférence hystérique
Q15043325,benzodiazepine abuse
Q380409,benzodiazepine dependence
Q6119887,benzodiazepine withdrawal syndrome
Q830532,bestiality
Q9169656,betacism
Q1290895,biastophilia
Q856396,bibliomania
Q1521260,binge drinking
Q209522,binge-eating disorder
Q4915474,bipolar I disorder
Q71263784,bipolar and related disorders
Q56014658,bipolar depression
Q131755,bipolar disorder
Q4086956,bipolar ll disorder
Q4915490,bipolar spectrum
Q55781692,"bird headed-dwarfism, Montreal type"
Q359099,blackout
Q55787025,blepharophimosis-intellectual disability syndrome
Q55787671,blepharophimosis-intellectual disability syndrome due to UBE3B deficiency
Q55999539,"blepharophimosis-intellectual disability syndrome, MKB type"
Q3961681,"blepharophimosis-intellectual disability syndrome, Ohdo type"
Q55783364,"blepharophimosis-intellectual disability syndrome, Verloes type"
Q4927796,blood fetishism
Q886731,blood phobia
Q3381344,blood-injection-injury type phobia
Q844590,body dysmorphic disorder
Q890069,body integrity identity disorder
Q747748,body worship
Q95422809,body-focused obsession
Q3092561,boot fetishism
Q11861940,borderline intellectual functioning
Q208166,borderline personality disorder
Q18710618,borderline personality disorder: borderline type
Q15141261,borderline spectrum disorder
Q1208144,boreout
Q4949373,bouffée délirante
Q154666,bovine sponginess encephalitic
Q3219948,bowel-control anxiety
Q55785359,brachydactyly-mesomelia-intellectual disability-heart defects syndrome
Q3643519,bradylalia
Q2923519,bradyphrenia
Q55788508,brain malformation-congenital heart disease-postaxial polydactyly syndrome
Q55783782,brain-lung-thyroid syndrome
Q55781699,branchioskeletogenital syndrome
Q2651749,breast fetishism
Q2787727,brief psychotic disorder
Q1267017,brief reactive psychosis
Q13604751,broken heart
Q994942,bruxism
Q5735426,bulimarexia
Q180913,bulimia
Q64513386,bulimia nervosa
Q55782535,"bullous dystrophy, macular type"
Q2725587,burusera
Q58601382,buttocks fetishism
Q28960322,cacodemonomania
Q1106843,caffeine dependence
Q5017161,caffeine-induced sleep disorder
Q51302742,caffeinism
Q5644859,caligynephobia
Q55783848,"camptodactyly syndrome, Guadalajara type 3"
Q1734743,cancerophobia
Q25531259,cannabis abuse
Q16517909,cannabis and schizophrenia
Q3743620,cannabis dependence
Q17001305,cannabis use in pregnancy
Q55784994,cardiac anomalies-developmental delay-facial dysmorphism syndrome
Q55782890,"cardiac malformation, cleft lip/palate, microcephaly, and digital anomalies"
Q42755841,"cardiocranial syndrome, Pfeiffer type"
Q3912188,cast fetishism
Q944473,cataplexy
Q55785397,cataract-deafness-hypogonadism syndrome
Q55781700,cataract-hypertrichosis-intellectual disability syndrome
Q55785396,cataract-intellectual disability-anal atresia-urinary defects syndrome
Q22965511,cataract-intellectual disability-hypogonadism syndrome
Q11737256,catathymia
Q57769952,catatonic excitement
Q1432717,catatonic schizophrenia
Q55785347,caudal appendage-deafness syndrome
Q108598204,cenesthetic hallucination
Q9334248,cenesthopathic schizophrenia
Q55787554,central nervous system calcification-deafness-tubular acidosis-anemia syndrome
Q3620651,central sleep apnea
Q55790500,central sleep apnea due to periodic breathing
Q5063259,cephalgiaphobia
Q154709,cerebellar ataxia
Q55345761,cerebellar ataxia-areflexia-pes cavus-optic atrophy-sensorineural hearing loss syndrome
Q102294040,"cerebellar hyplasia/atrophy, epilepsy, and global developmental delay"
Q55784869,cerebellar-facial-dental syndrome
Q18553924,cerebral lipidosis
Q2602467,cerebrotendinous xanthomatosis
Q55789149,cerebrovascular dementia
Q30141343,challenges in planning or solving problems
Q30141414,changes in mood and personality
Q3635133,character amnesia
Q9188898,characteropathy
Q50348566,cheilophagia
Q3066758,child abduction by pedophile
Q69886832,child behavior disorders
Q5097919,child pyromaniac
Q4208342,child sex tourism
Q493965,childhood amnesia
Q388722,childhood disintegrative disease
Q21075313,childhood dysphonia
Q3377828,childhood fear
Q5097985,childhood phobia
Q17162576,childhood schizophrenia
Q2692145,childhood serious emotional disturbance
Q68145128,childhood-onset fluency disorder
Q5439392,chiroptophobia
Q5104989,chorditis
Q5105007,chorea gravidarum
Q3338656,chorea-acanthocytosis
Q1076421,choreatic disease
Q55790000,choreoacanthocytosis amyotrophic
Q106760900,choreomania
Q8043081,chromophobia
Q21154058,chromosome 15q13.3 microdeletion syndrome
Q21154059,chromosome 15q24 deletion syndrome
Q21154076,chromosome 16p11.2 duplication syndrome
Q55790009,chromosome 17 deletion
Q21154078,chromosome 17p13.3 duplication syndrome
Q7234988,chromosome 17q21.31 duplication syndrome
Q21154066,chromosome 19q13.11 deletion syndrome
Q66084923,chromosome 3-linked frontotemporal dementia
Q21505487,chromosome 5p13 duplication syndrome
Q21124546,chromosome 5q12 deletion syndrome
Q21154072,chromosome 6pter-p24 deletion syndrome
Q21154073,chromosome 8q21.11 deletion syndrome
Q55999531,chromosome Xp11.22 duplication syndrome
Q21505488,chromosome Xp11.23-p11.22 duplication syndrome
Q19001109,chronic depressive disorder
Q18975429,chronic factitious illness with physical symptoms
Q3410138,chronic hallucinatory psychosis
Q18966878,chronic hypomanic disorder
Q18966752,chronic latent schizophrenia
Q18967121,chronic schizophrenia
Q18966473,chronic state latent schizophrenia with acute exacerbation
Q2667685,chronic tic disorder
Q5114004,chronic traumatic encephalopathy
Q18967392,chronic undifferentiated schizophrenia
Q1087811,chronic wasting disease
Q1088341,chronophilia
Q5791167,chrysophobia
Q2712607,circadian rhythm sleep disorder
Q4346960,circumstantial speech
Q5125787,clanging
Q56013691,classic lissencephaly
Q55345949,classic pantothenate kinase-associated neurodegeneration
Q55345760,classic progressive supranuclear palsy syndrome
Q55785908,cleft palate-short stature-vertebral anomalies syndrome
Q41184,clinical lycanthropy
Q2979311,clinophilia
Q2979422,clitorism
Q11323359,clothing fetish
Q29871326,cluster A personality disorders
Q1300078,cluster C personality disorder
Q1032390,cluttering
Q54912176,cobblestone lissencephaly
Q3743188,cocaine dependence
Q5139133,cocaine intoxication
Q66124080,cocaine-related disorders
Q5483076,cocktail party speech
Q21109,codependency
Q5141203,cognitive deficit
Q3065932,cognitive disorder
Q2914540,cognitive distortion
Q57859955,cognitive dysfunction
Q1778413,cognitive dysphasia.
Q55784895,cognitive impairment-coarse facies-heart defects-obesity-pulmonary involvement-short stature-skeletal dysplasia syndrome
Q4200966,cognitive inertia
Q5141244,cognitive slippage
Q56297447,coitophobia
Q62942440,collective false memory
Q3377832,collective fear
Q55783226,colobomatous microphthalmia-obesity-hypogenitalism-intellectual disability syndrome
Q3556400,color agnosia
Q1482034,combat disorder
Q1033086,combined drug intoxication
Q55784962,combined oxidative phosphorylation defect type 27
Q814165,command automatism
Q1058691,communication disorder
Q477502,complex post-traumatic stress disorder
Q231624,compulsive act
Q195941,compulsive hoarding
Q5157235,compulsive talking
Q1189255,computer addiction
Q596474,conduct disorder
Q1236057,conduction aphasia
Q1082351,confabulation
Q66425211,confabulator
Q30141302,confusion with time and space
Q2238018,confusional arousals
Q55784914,congenital cataract-microcephaly-nevus flammeus simplex-severe intellectual disability syndrome
Q55787325,disorder of multiple glycosylation
Q19709948,congenital heart defect-round face-developmental delay syndrome
Q55788256,congenital insensitivity to pain with severe intellectual disability
Q55787759,congenital muscular alpha-dystroglycanopathy with brain and eye anomalies
Q18966514,congenital syphilitic encephalitis
Q55788120,cono-spondylar dysplasia
Q56014262,continuous spikes and waves during sleep
Q55782532,contractures-ectodermal dysplasia-cleft lip/palate syndrome
Q1051355,conversion disorder
Q125466,coprolalia
Q30156391,coprophemia
Q464215,coprophilia
Q1118754,coprophobia
Q1428295,copropraxia
Q31841332,corpus callosum agenesis-abnormal genitalia syndrome
Q28065620,corpus callosum agenesis-intellectual disability-coloboma-micrognathia syndrome
Q55788285,corpus callosum agenesis-macrocephaly-hypertelorism syndrome
Q55781769,cortical blindness-intellectual disability-polydactyly syndrome
Q5173263,cortical deafness
Q5802094,cortical dementia
Q1755684,corticobasal degeneration
Q1009193,counting disorders associated with genetic disease
Q5178783,courtship disorder
Q55785489,craniodigital syndrome-intellectual disability syndrome
Q55785037,craniofacial dysplasia-short stature-ectodermal anomalies-intellectual disability syndrome
Q55780402,craniofaciofrontodigital syndrome
Q5182141,craniofrontonasal dysplasia
Q17084842,creatine transporter deficiency
Q1142083,crush fetish
Q1790393,cryptomnesia
Q55785494,cryptorchidism-arachnodactyly-intellectual disability syndrome
Q268586,culture shock
Q1791709,culture-bound syndrome
Q933899,cyberchondria
Q5197828,cyberphobia
Q245473,cycloid psychosis
Q245590,cyclothymia
Q5199884,cynanthropy
Q38579,cynophobia
Q1118643,deaf-mute
Q3508677,deafness dystonia syndrome
Q55787551,deafness-genital anomalies-metacarpal and metatarsal synostosis syndrome
Q28065634,"deafness-intellectual disability, Martin-Probst type syndrome"
Q3519556,death anxiety
Q30141399,decreased or poor judgment
Q30893921,defect state of schizophrenia
Q1470530,delayed sleep phase disorder
Q55781487,delayed speech-facial asymmetry-strabismus-ear lobe creases syndrome
Q160796,delirium
Q11800698,delirium acutum
Q209647,delirium tremens
Q189643,delusion
Q106998896,delusion of control
Q14466128,delusion of filiation
Q57715765,delusion-like ideas
Q721073,delusional disorder
Q4162341,delusional dysmorphophobia
Q2460356,delusional misidentification syndrome
Q1200256,delusional parasitosis
Q57759391,delusional syndrome
Q20828738,delusional thinking
Q10468541,delusions of possession
Q83030,dementia
Q1185320,dementia praecox
Q101245788,dementia with Lewy bodies
Q1262499,dendrophilia
Q2280285,dentatorubral-pallidoluysian atrophy
Q320719,dependent personality disorder
Q2338307,depersonalization disorder
Q2253120,depression during pregnancy
Q109020119,depression in autism
Q11076418,depressive disorder
Q5260921,depressive personality disorder
Q18966792,depressive state induced by drug
Q1046055,depressive syndrome
Q5261301,derailment
Q9206284,dereism
Q25407412,dermatopatophobia
Q3710162,developmental coordination disorder
Q61913490,developmental delay and seizures with or without movement abnormalities
Q55785587,"developmental delay-deafness syndrome, Hildebrand type"
Q3087172,developmental disorder
Q2313089,developmental language disorder
Q17009018,developmental regression
Q9385421,developmental speech disorder
Q360035,dhat syndrome
Q25394508,diabetes and behavior problems
Q5270210,diabulimia
Q1328245,diaper fetishism
Q30141359,"difficulty completing familiar tasks at home, at work or at leisure"
Q54913640,diffuse neurofibrillary tangles with calcification
Q55787752,digital anomalies-intellectual disability-short stature syndrome
Q51884914,digital dementia
Q18388539,digital hoarding
Q18206542,digital phobic
Q45111177,diphenhydramine abuse
Q2717096,dipsomania
Q3317827,disability affecting intellectual abilities
Q3700220,disinhibited attachment disorder
Q55782818,disorder of sex development-intellectual disability syndrome
Q267759,disorganized schizophrenia
Q102187383,disruptions of 24-hour sleep-wake cycle
Q18654,dissociative amnesia
Q10474308,dissociative anesthesia
Q2627467,dissociative disorder
Q2053759,dissociative disorder not otherwise specified
Q18657,dissociative identity disorder
Q55787475,distal 17p13.1 microdeletion syndrome
Q55787031,distal Xq28 microduplication syndrome
Q5283757,diurnal enuresis
Q15806471,doromania
Q55609930,double depression
Q5303074,downblouse
Q2351339,drapetomania
Q5308134,driving phobia
Q3541786,drug dependence
Q19001148,drug induced sleep disorder
Q3505252,drug overdose
Q18554889,drug psychosis
Q5308960,drug-induced abnormality
Q18975073,drug-induced delirium
Q18554227,drug-induced mental disorder
Q18967915,drug-induced persisting amnestic disease
Q55012337,drug-induced psychotic disease with delusion
Q25932164,drunk
Q10384302,dual-role transvestism
Q225957,dysarthria
Q742672,dyscalculia
Q4052543,dysequilibrium syndrome
Q102186703,dysfunctions associated with arousal from sleep
Q102187376,dysfunctions associated with sleep stages
Q5808437,dysglossia
Q584560,dysgraphia
Q1087232,dyslalia
Q132971,dyslexia
Q778413,dysmnesia
Q55786218,dysmorphism-short stature-deafness-disorder of sex development syndrome
Q2705600,dysorthography
Q836379,dysphonia
Q3710022,dysphrenia
Q9158460,dyspinxia
Q1229331,dyssocial personality
Q559435,dyssomnia
Q427810,dysthymic disorder
Q25456248,e-commerce fear
Q3410133,early onset deficitary psychosis
Q55346099,early-onset ataxia with dementia
Q55345929,early-onset autosomal dominant Alzheimer disease
Q55786984,early-onset epileptic encephalopathy and intellectual disability due to GRIN2A mutation
Q55784798,early-onset epileptic encephalopathy-cortical blindness-intellectual disability-facial dysmorphism syndrome
Q55782601,early-onset parkinsonism-intellectual disability syndrome
Q55789008,early-onset schizophrenia
Q373822,eating disorder
Q11877076,ecclesiophobia
Q937353,echolalia
Q11696028,echomimia
Q16966700,echophenomenon
Q1280852,echopraxia
Q31883801,eco-anxiety
Q5347361,effects of alcohol on memory
Q4358078,effects of cannabis
Q912344,ego-dystonic sexual orientation
Q1298422,egomania
Q1299035,egopathy
Q16884931,eisoptrophobia
Q3586219,ejaculation without orgasm
Q5354941,elective mutism
Q16722077,embolalia
Q1294093,emetophilia
Q3063847,emotional and behavioral disorders
Q5803085,emotional dependency
Q1229382,emotional detachment
Q12046440,emotional disorder
Q3316140,emotional dysregulation
Q4531712,emotionally unstable personality disorder
Q4200416,"emotionally unstable personality disorder, impulsive type"
Q653027,encopresis
Q5376333,endogenous depression
Q16543683,endogenous mental disorder
Q1340675,endogenous psychosis
Q53711590,enduring personality change after psychiatric illness
Q2157130,entomophobia
Q3448862,enuresis
Q595012,ephebophilia
Q774045,epilepsy aura
Q55783093,epilepsy-microcephaly-skeletal dysplasia syndrome
Q55781873,epilepsy-telangiectasia syndrome
Q55785829,epiphyseal dysplasia-hearing loss-dysmorphism syndrome
Q5383564,episodic dyscontrol syndrome
Q30751616,epistaxiophobia
Q14850665,eproctophilia
Q5384517,equinophobia
Q184674,erectile dysfunction
Q1269174,erotic lactation
Q252185,erotomania
Q2602871,erotophobia
Q21515328,erratic behavior
Q1363791,erythrophobia
Q24946301,eurotophobia
Q12382516,evolutionary aphasia
Q904200,excoriation disorder
Q1383948,excrementophilia
Q5419936,executive dysfunction
Q1669692,exercise addiction
Q18449712,exhaustion disorder
Q43405,exhibitionism
Q3061998,exobiophilia
Q3106901,exploding head syndrome
Q923164,expressive aphasia
Q21816967,expressive dysphasia
Q1075470,expressive language disorder
Q25053967,externalizing disorders
Q55780580,extrasystoles-short stature-hyperpigmentation-microcephaly syndrome
Q55784970,facial dysmorphism-developmental delay-behavioral abnormalities syndrome due to WAC point mutation
Q55781798,facial dysmorphism-macrocephaly-myopia-Dandy-Walker malformation syndrome
Q17385141,faciocardiorenal syndrome
Q2686385,factitious disorder
Q1641328,factitious hypoglycemia
Q9178700,failure of genital response
Q3508619,fallot complex - intellectual disability - growth delay
Q56316946,false memories in autobiographical writings
Q2051704,false memory
Q1065846,false pregnancy
Q55345991,familial Alzheimer-like prion disease
Q55782808,familial developmental dysphasia
Q2868792,familial isolated deficiency of vitamin E
Q22905841,fat fetishism
Q862872,fatal familial insomnia
Q21479973,fatorexia
Q55346022,fatty acid hydroxylase-associated neurodegeneration
Q44619,fear
Q2160101,fear of bees
Q5409611,fear of childbirth
Q650459,fear of commitment
Q1788984,fear of crime
Q3321265,fear of fish
Q4297397,fear of frogs
Q5439397,fear of intimacy
Q3440772,fear of mice
Q169922,fear of needles
Q4147342,fear of pregnancy
Q108267068,fear of the future
Q16711279,febrile schizophrenia
Q358042,feeble-minded
Q18554097,feeding and eating disorders of childhood
Q1353790,felching
Q5441917,feline spongiform encephalopathy
Q3241252,female sexual arousal disorder
Q102293999,female-restricted syndromic X-linked intellectual disability 99
Q21504884,fentanyl toxicity
Q5820163,fetal alcohol effects
Q17002116,fetal alcohol spectrum disorders
Q400277,fetal alcohol syndrome
Q55787831,fetal anticonvulsant syndrome
Q55787832,fetal carbamazepine syndrome
Q55785876,fetal minoxidil syndrome
Q1409081,fetal nicotine spectrum disorder
Q55790243,fetal phenothiazine syndrome
Q207791,fetishism
Q1114480,finger agnosia
Q4483652,fixation amnesia
Q1127417,flying phobia
Q5463847,focal dermal hypoplasia
Q11968320,focal nocturnal epileptiform activity
Q1435409,folie à deux
Q2742106,food addiction
Q1873928,food fetish
Q463859,foot fetishism
Q107417158,footjob
Q56314895,forced collectionnism
Q18553687,form agnosia
Q5470185,formication
Q1276313,formicophilia
Q11711767,fortification illusions of migraine
Q221472,fragile X syndrome
Q1440436,fragile X-associated tremor/ataxia syndrome
Q25402715,free-floating anxiety
Q1973636,frenzy
Q786468,frontal lobe disorder
Q55789507,frontal lobe ependymal tumor
Q18554226,frontal lobe neoplasm
Q55346097,frontotemporal degeneration with dementia
Q18592,frontotemporal dementia
Q742324,frotteurism
Q951639,fugue state
Q11695503,functional dyslalia
Q25379037,functional psychosis
Q18556252,gait apraxia
Q3954707,galeophobia
Q1493220,gammacism
Q2497100,gamophobia
Q95395615,gang stalking
Q5876639,geliophobia
Q1477048,gelotophobia
Q1049021,gender dysphoria
Q3704805,gender dysphoria in children
Q11491595,gender identity disorder
Q18966527,gender identity disorder in adolescent or adult
Q845224,generalized anxiety disorder
Q55785541,genetic dementia
Q55785865,genetic intellectual disability
Q55346116,genetic neurodegenerative disease with dementia
Q55785866,genetic syndromic intellectual disability
Q2275605,genophobia
Q5533828,genuphobia
Q2995241,gephyrophobia
Q347967,gerontophilia
Q55780798,glaucoma-sleep apnea syndrome
Q662626,global aphasia
Q55788498,global developmental delay-osteopenia-ectodermal defect syndrome
Q55788368,global developmental delay-visual anomalies-progressive cerebellar atrophy-truncal hypotonia syndrome
Q3641768,globus pharyngis
Q2540262,glossophobia
Q55782466,glycogen storage disease due to phosphoglycerate kinase 1 deficiency
Q987664,grandiose delusions
Q14490720,grandiosity
Q953131,graphomania
Q5613758,guanidinoacetate methyltransferase deficiency
Q1010522,gymnophobia
Q1558456,gynophobia
Q55781925,hair defect-photosensitivity-intellectual disability syndrome
Q1269203,hair fetishism
Q1391805,halitophobia
Q130741,hallucination
Q18967503,hallucinatory state induced by drug
Q18558273,hallucinogen dependence
Q1001920,hallucinogen persisting perception disorder
Q965539,hand fetishism
Q207334,hangover
Q3048979,health effects of beer
Q2933021,health effects of caffeine
Q465016,health effects of tobacco
Q1191575,hebephilia
Q3144528,heboidophrenia
Q23679966,hedonophobia
Q1035100,helper syndrome
Q16574388,hemiasomatognosia
Q40103033,hemimegalencephaly
Q152289,hemispatial neglect
Q11897418,hepatic fibrosis-renal cysts-intellectual disability syndrome
Q3730759,heptadecaphobia
Q55783613,hereditary cryohydrocytosis with reduced stomatin
Q55346113,hereditary progressive chorea without dementia
Q50349724,hereditary sensory neuropathy-deafness-dementia syndrome
Q32142563,hereditary spastic paraplegia 11
Q18558272,heroin dependence
Q1613864,herostratism
Q2319444,herpetophobia
Q420724,hexakosioihexekontahexaphobia
Q12019630,hierophobia
Q1788847,high-functioning autism
Q2721459,highway  phobia
Q845787,histrionic personality disorder
Q102187439,hoarse voice
Q3930506,hoarseness
Q1595931,homesickness
Q4142984,homicidal mania
Q3755302,homosexual necrophilia in mallards
Q389378,hospitalism
Q1029707,hottentotism
Q2248357,huffing
Q2996866,human coprophagia
Q1269190,hybristophilia
Q55782561,hydrocephaly-cerebellar agenesis syndrome
Q1640850,hyperactivity
Q962154,hypergraphia
Q567711,hypergymnasia
Q17028415,hyperkinetic disorder
Q776660,hyperlexia
Q32146367,hypermethioninemia with deficiency of S-adenosylhomocysteine hydrolase
Q1641033,hypermnesia
Q16642636,hyperreligiosity
Q267907,hypersexuality
Q751641,hypersomnia
Q102186790,hypersomnia with sleep apnea
Q18554800,"hypertelorism, microtia, facial clefting syndrome"
Q45320,hyperthymesia
Q3824320,hyperthymia
Q1308944,hypnic jerk syndrome
Q1120518,hypnophobia
Q303555,hypoactive sexual desire disorder
Q28923579,hypochondriacal schizophrenia
Q105434,hypochondriasis
Q55784623,hypohidrosis-enamel hypoplasia-palmoplantar keratoderma-intellectual disability syndrome
Q188611,hypomania
Q12632309,hypomnesia
Q28065601,hypomyelinating leukodystrophy 12
Q28065598,hypomyelinating leukodystrophy 5
Q28065596,hypomyelinating leukodystrophy 9
Q21097782,hypomyelinating leukoencephalopathy
Q21124512,hypoparathyroidism-retardation-dysmorphism syndrome
Q56316194,hyposomnia
Q55781981,"hypospadias-intellectual disability, Goldblatt type syndrome"
Q1997867,hypothymia
Q55786209,"hypotrichosis-intellectual disability, Lopes type"
Q3664130,hysterical blindness
Q10530921,hysterical psychosis
Q55781986,ichthyosis-alopecia-eclabion-ectropion-intellectual disability syndrome
Q25407066,ictal psychosis
Q2215516,ideas of reference and delusions of reference
Q17028947,identity disorder
Q1656793,ideomotor apraxia
Q55786234,idiopathic hypersomnia with long sleep time
Q55786235,idiopathic hypersomnia without long sleep time
Q28735834,idiopathic normal pressure hydrocephalus
Q193607,idiot
Q4200185,imbecile
Q101402572,immature personality disorder
Q55782512,immunodeficiency 47
Q2061676,imperative hallucination
Q6007152,implant
Q1201835,impulse control disorder
Q3381343,impulsion-phobias
Q102187162,inability to comprehend speech
Q102186694,inability to form words
Q26897870,inability to maintain relationships
Q102187104,inability to speak
Q2559613,inappropriate social behavior
Q3508770,inclusion body myopathy with Paget disease of bone and frontotemporal dementia
Q9390206,incubus dream
Q55785874,indomethacin embryofetopathy
Q55346072,infantile Refsum disease
Q55781750,infantile choroidocerebral calcification syndrome
Q55784881,infantile multisystem neurologic-endocrine-pancreatic disease
Q3410134,infantile psychosis
Q55786704,infantile spams-psychomotor retardation-progressive brain atrophy-basal ganglia disease syndrome
Q55345791,infantile-onset autosomal recessive nonprogressive cerebellar ataxia
Q55346060,infantile-onset axonal motor and sensory neuropathy-optic atrophy-neurodegenerative syndrome
Q55789146,infectious disease with dementia
Q15640367,infective psychosis
Q25379267,information addcition
Q55345655,inherited Creutzfeldt-Jakob disease
Q16662567,inherited prion disease
Q18557624,inhibited female orgasm
Q18556875,inhibited male orgasm
Q6034425,injury phobia
Q505619,insanity
Q1869874,insomnia
Q102186555,insomnia with sleep apnea
Q6043263,integrative agnosia
Q55785192,intellectual developmental disorder with dysmorphic facies and ptosis
Q102296322,intellectual developmental disorder with short stature and behavioral abnormalities
Q183560,intellectual disability
Q55788293,intellectual disability syndrome due to a DYRK1A point mutation
Q55782076,"intellectual disability, Buenos-Aires type"
Q55782401,"intellectual disability, Wolff type"
Q55782513,intellectual disability-balding-patella luxation-acromicria syndrome
Q55783599,intellectual disability-brachydactyly-Pierre robin syndrome
Q55785691,intellectual disability-cataracts-kyphosis syndrome
Q55782074,intellectual disability-dysmorphism-hypogonadism-diabetes mellitus syndrome
Q55785142,intellectual disability-epilepsy-extrapyramidal syndrome
Q55787822,intellectual disability-facial dysmorphism-hand anomalies syndrome
Q55785487,intellectual disability-hypoplastic corpus callosum-preauricular tag syndrome
Q55787386,intellectual disability-hypotonia-brachycephaly-pyloric stenosis-cryptorchidism syndrome
Q55787222,intellectual disability-hypotonia-skin hyperpigmentation syndrome
Q55787245,intellectual disability-microcephaly-phalangeal-facial abnormalities syndrome
Q55788271,intellectual disability-muscle weakness-short stature-facial dysmorphism syndrome
Q55782121,intellectual disability-myopathy-short stature-endocrine defect syndrome
Q55787753,intellectual disability-obesity-brain malformations-facial dysmorphism syndrome
Q55783472,intellectual disability-obesity-prognathism-eye and skin anomalies syndrome
Q55787278,intellectual disability-polydactyly-uncombable hair syndrome
Q55787820,intellectual disability-seizures-macrocephaly-obesity syndrome
Q55784026,intellectual disability-severe speech delay-mild dysmorphism syndrome
Q55787265,intellectual disability-short stature-hypertelorism syndrome
Q18412811,intellectual disability-spasticity-ectrodactyly syndrome
Q55784612,intellectual disability-strabismus syndrome
Q25407067,interictal psychosis
Q18671,intermittent explosive disorder
Q2933573,internalizing and externalizing disorders
Q17126447,internalizing disorder
Q205972,intoxication
Q5308896,intravenous substance abuse
Q12391880,involuntary speech
Q6061449,involutional melancholia
Q60536007,iotacism
Q3454018,irregular sleep–wake rhythm
Q19001340,isolated explosive disorder
Q192579,jet lag
Q6311334,jumping to conclusions
Q55345967,juvenile Huntington disease
Q1728691,kappacism
Q55782575,keratosis follicularis-dwarfism-cerebral atrophy syndrome
Q6420625,kleptolagnia
Q212021,kleptomania
Q1258978,klismaphilia
Q1080699,koro
Q274615,kuru
Q55345712,"kuru, susceptibility to"
Q31195341,lachanophobia
Q13403883,lallation
Q538657,lambdacism
Q997841,language delay
Q10469820,language disorder
Q29982064,laryngeal abductor paralysis-intellectual disability syndrome
Q5349807,late talker
Q55346100,late-onset ataxia with dementia
Q2314837,late-onset schizophrenia
Q18966343,latent schizophrenia
Q97376257,lateral misarticulation
Q1417676,latex and PVC fetishism
Q1809353,laxative abuse
Q860740,learning disability
Q1470206,leather subculture
Q28503346,leg fetishism
Q55785101,leigh-like basal ganglia disease-optic atrophy-peripheral neuropathy syndrome
Q16554457,leporiphobia
Q55782165,lethal omphalocele-cleft palate syndrome
Q55345816,leukoencephalopathy with brain stem and spinal cord involvement-high lactate syndrome
Q109673442,limb apraxia
Q2500124,lipoid proteinosis
Q527892,lisp
Q1544416,lissencephaly
Q55788668,lissencephaly with cerebellar hypoplasia
Q19707267,logoclonia
Q6667795,logopenic progressive aphasia
Q718263,logorrhea
Q1340700,long-term effects of alcohol consumption
Q6672139,long-term effects of cannabis
Q2874240,loss aversion
Q1472585,loss of reality
Q25379674,low spirits
Q28130306,low-functioning autism
Q5984973,lutraphobia
Q32136586,macrocephaly-autism syndrome
Q55784953,macrocephaly-intellectual disability-neurodevelopmental disorder-small thorax syndrome
Q55786312,macrocephaly-short stature-paraplegia syndrome
Q55345755,macrocephaly-spastic paraplegia-dysmorphism syndrome
Q55784982,macrothrombocytopenia-lymphedema-developmental delay-facial dysmorphism-camptodactyly syndrome
Q58600773,maieusiophilia
Q42844,major depressive disorder
Q55621848,maladjustment
Q16039074,male anorexia
Q55782562,male hypergonadotropic hypogonadism-intellectual disability-skeletal anomalies syndrome
Q6743512,malignant narcissism
Q22965506,mandibulofacial dysostosis-microcephaly syndrome
Q185935,mania
Q56014657,manic bipolar affective disorder
Q18966903,manic episode
Q1890336,mannerism
Q55782069,marfanoid habitus-autosomal recessive intellectual disability syndrome
Q12754745,masochism
Q847836,mass hysteria
Q25380026,massively multiplayer online role-playing game addiction
Q108582207,maternal depression
Q18389618,mechanophobia
Q1413869,medical fetishism
Q3141344,medical students' disease
Q1756659,medication overuse headache
Q102293249,mega-corpus-callosum syndrome with cerebellar hypoplasia and cortical malformations
Q192077,melancholia
Q13512178,melancholia
Q3332994,melomania
Q3072083,memory disorder
Q1334993,memory loss during pregnancy
Q18553279,meningovascular neurosyphilis
Q6817363,menstrual psychosis
Q976350,mental breakdown
Q4340209,mental depression
Q12135,mental disorder
Q18966384,"mental disorder complicating pregnancy, childbirth, or the puerperium"
Q6817451,mental disorder diagnosed in childhood
Q16938818,mental retardation and microcephaly with pontine and cerebellar hypoplasia
Q4183896,mental retardation in children
Q50349624,"mental retardation, autosomal dominant 20"
Q3306095,mentism
Q5801867,messianic delusion
Q55789148,metabolic disease with dementia
Q1120682,metachromatic leukodystrophy
Q55998666,"metachromatic leukodystrophy, juvenile form"
Q55782086,metaphyseal dysostosis-intellectual disability-conductive deafness syndrome
Q55785880,methimazole embryofetopathy
Q3311991,microarousal
Q55782298,microbrachycephaly-ptosis-cleft lip syndrome
Q55788643,"microcephalic osteodysplastic dysplasia, Saul-Wilson type"
Q55762664,microcephalic osteodysplastic primordial dwarfism
Q55787615,microcephalic primordial dwarfism
Q55787736,microcephaly-brachydactyly-kyphoscoliosis syndrome
Q55782098,microcephaly-cardiomyopathy syndrome
Q55784320,microcephaly-cerebellar hypoplasia-cardiac conduction defect syndrome
Q55782102,microcephaly-cervical spine fusion anomalies syndrome
Q55781232,microcephaly-deafness-intellectual disability syndrome
Q55785378,microcephaly-digital anomalies-intellectual disability syndrome
Q55782068,microcephaly-glomerulonephritis-marfanoid habitus syndrome
Q55784578,microcephaly-intellectual disability-phalangeal and neurological anomalies syndrome
Q55784938,microcephaly-intellectual disability-sensorineural hearing loss-epilepsy-abnormal muscle tone syndrome
Q55786409,"microcephaly-microcornea syndrome, Seemanova type"
Q55785687,microcephaly-polymicrogyria-corpus callosum agenesis syndrome
Q55786384,microcephaly-seizures-intellectual disability-heart disease syndrome
Q55788123,microcephaly-short stature-intellectual disability-facial dysmorphism syndrome
Q111033959,microlissencephaly
Q55782531,microphthalmia-ankyloblepharon-intellectual disability syndrome
Q55345817,microphthalmia-brain atrophy syndrome
Q55782525,"midface hypoplasia, hearing impairment, elliptocytosis, and nephrocalcinosis"
Q372236,migraine aura
Q1472703,mild cognitive impairment
Q55015403,mild degree recurrent episode manic disorder
Q104249451,mild intellectual disabilty
Q56014155,mild phosphoribosylpyrophosphate synthetase superactivity
Q18971514,mild recurrent major depression
Q1443721,mind-blindness
Q774111,minor depressive disorder
Q18553688,mirror agnosia
Q17157129,mirror-touch synesthesia
Q23542367,mitochondrial complex I deficiency
Q6884016,mixed affective state
Q18967153,mixed disorder as reaction to stress
Q53704153,mixed personality disorders
Q6884011,mixed receptive-expressive language disorder
Q52682143,mixed sleep apnea
Q961726,mixed transcortical aphasia
Q55015410,moderate degree recurrent episode manic disease
Q12370769,moderate mental retardation
Q18967435,moderate recurrent major depression
Q917061,monomania
Q188638,mood disorders
Q955922,moral insanity
Q2620524,moron
Q240975,morphine dependence
Q55784874,motor developmental delay due to 14q32.2 paternally expressed gene defect
Q16342771,motor disorder
Q6918200,motor speech disorder
Q1529983,mucopolysaccharidosis II
Q69059904,multi-infarct dementia
Q61967976,multiple congenital anomalies-hypotonia-seizures syndrome
Q55785288,multiple congenital anomalies/dysmorphic syndrome-intellectual disability
Q85787138,muscle tension dysphonia
Q2599391,muscle worship
Q3508572,muscle-eye-brain disease
Q55787563,muscular hypertrophy-hepatomegaly-polyhydramnios syndrome
Q111208379,music addiction
Q6942549,musical hallucination
Q671776,muteness
Q4308496,muttering delirium
Q55786767,mycophenolate mofetil embryopathy
Q55786537,myopathy-growth delay-intellectual disability-hypospadias syndrome
Q1860507,myotonic dystrophy
Q4295685,myrmecophobia
Q4296524,mystical psychosis
Q11495099,mātsarya
Q1367423,nail biting
Q15839849,nap time sleep terror
Q1060310,narcissistic personality disorder
Q189561,narcolepsy
Q55788627,narcolepsy without cataplexy
Q56026918,narcolepsy-cataplexy syndrome
Q113364982,narcotic-related disorders
Q1225995,nasality
Q11776937,nationalistic megalomania
Q6982257,navel fetishism
Q181843,necrophilia
Q1642611,negativism
Q99305782,neologism
Q6993502,neonatal abstinence syndrome
Q55004792,nervous system alcohol-induced disorders
Q510236,neurasthenia
Q746781,neuroacanthocytosis
Q111042777,neurobehavioral disorder with prenatal alcohol exposure
Q1757359,neurocirculatory asthenia
Q16892735,neurodegeneration with brain iron accumulation
Q55346096,neurodegenerative disease with dementia
Q3450985,neurodevelopmental disorder
Q102294037,"neurodevelopmental disorder with cataracts, poor growth, and dysmorphic facies"
Q55373612,neurodevelopmental disorder with midbrain and hindbrain malformations
Q106488911,"neurodevelopmental disorder with movement abnormalities, abnormal gait, and autistic features"
Q55786760,neuroectodermal-endocrine syndrome
Q55782144,neurofaciodigitorenal syndrome
Q4316445,neuroleptic-induced deficit syndrome
Q18212294,neuroleptic-induced depression
Q102104887,neuronal intermediate filament inclusion disease
Q55345768,neuronal intranuclear inclusion disease
Q7888578,neurosyphilis
Q19000444,neurotic disorder
Q10267341,neurovegetative disorder
Q18553444,nicotine dependence
Q3961638,nicotine withdrawal
Q559538,night eating syndrome
Q849736,night horror
Q474718,night sweats
Q318005,nocturnal enuresis
Q1066591,nomophobia
Q1773215,non-24-hour sleep-wake disorder
Q55787877,non-X-linked congenital disorder of glycosylation with intellectual disability as a major feature
Q182413,non-controlled substance abuse
Q18965508,non-syndromic X-linked intellectual disability
Q18553537,non-syndromic intellectual disability
Q21097785,nonprogressive cerebellar atxia with mental retardation
Q12391881,nonverbal  people
Q42417308,nonverbal autism
Q1417880,nonverbal learning disorder
Q1712213,normal pressure hydrocephalus
Q3123486,nose fetishism
Q3344353,nosocomephobia
Q3052614,nosophobia
Q83977449,nuclear anxiety
Q102293309,nuclear type mitochondrial complex I deficiency
Q5439400,numerophobia
Q1436099,nymphomania
Q447482,object sexuality
Q6048309,obsession
Q13779009,obsessive love
Q178190,obsessive-compulsive disorder
Q231578,obsessive-compulsive personality disorder
Q8778538,obsessive–compulsive spectrum
Q18967584,obsolete disorganized type schizophrenia chronic state
Q16606552,obstructive sleep apnea
Q55784187,occipital pachygyria and polymicrogyria
Q1200839,oculocerebrorenal syndrome
Q8015448,oculophilia
Q55782159,oculorenocerebellar syndrome
Q1939091,olfactophilia
Q4386741,olfactory reference syndrome
Q11797958,oligologia
Q10350580,ombrophobia
Q55781473,"omphalocele syndrome, Shprintzen-Goldberg type"
Q48638973,oneirism
Q1544517,oneiroid syndrome
Q1419434,oneirophrenia
Q606624,oniomania
Q596505,ophidiophobia
Q55781307,ophthalmoplegia-intellectual disability-lingua scrotalis syndrome
Q18555117,opiate dependence
Q61861225,opioid induced endocrinopathy
Q17154378,opioid overdose
Q1639178,opioid use disorder
Q2026920,opioid withdrawal syndrome
Q67085655,opioid-related disorders
Q102245543,opium addiction
Q48968805,oppai slash
Q1328833,oppositional defiant disorder
Q55784781,optic atrophy-intellectual disability syndrome
Q10611039,oral galvanism
Q113360747,oral substance abuse
Q2030018,organ neurosis
Q2870714,organic anxiety disorder
Q360341,organic brain syndrome
Q10687207,organic or symptomatic mental disorder
Q3449191,organic personality disorder
Q2172144,organic psychosis
Q7458756,orgasmic anhedonia
Q10611388,orgasmic dysfunction
Q3043161,ornithine carbamoyltransferase deficiency
Q619261,ornithophobia
Q2858959,orofacial apraxia
Q3508783,oral-facial-digital syndrome
Q1334368,orthorexia nervosa
Q55788500,ossification anomalies-psychomotor developmental delay syndrome
Q55782182,osteopenia-intellectual disability-sparse hair syndrome
Q55788743,osteopenia-myopia-hearing loss-intellectual disability-facial dysmorphism syndrome
Q32136402,osteoporosis-pseudoglioma syndrome
Q28402671,ostraconophobia
Q9385429,overactive disorder associated with mental retardation and stereotyped movements
Q18385717,overgeneral autobiographical memory
Q55782834,pachygyria-intellectual disability-epilepsy syndrome
Q3288182,pagophagia
Q2868696,pain agnosia
Q3297888,pain disorder
Q55784977,palatal anomalies-widely spaced teeth-facial dysmorphism-developmental delay syndrome
Q696490,panic attack
Q741713,panic disorder
Q1436162,pantothenate kinase-associated neurodegeneration
Q25448996,paradoxical vocal cord motion disorder
Q7134645,paragrammatism
Q2051550,paralexia
Q16580457,paralogical thinking
Q1229994,paranoia
Q4344979,paranoiac syndrome
Q57756307,paranoial delusion
Q28914244,paranoial schizophrenia
Q3043347,paranoid delusion
Q747735,paranoid personality disorder
Q3043345,paranoid psychosis
Q2606101,paranoid schizophrenia
Q55011952,paranoid state
Q4344975,paranoid syndrome
Q55011886,paranoid type schizophrenia chronic state with acute exacerbation
Q55011547,paranoid type schizophrenia in remission
Q55011557,paranoid type schizophrenia subchronic state with acute exacerbation
Q512942,paraphasia
Q178059,paraphilia
Q181757,paraphilic infantilism
Q2476251,paraphrenia
Q55782585,paraplegia-intellectual disability-hyperkeratosis syndrome
Q559869,parasomnia
Q2051906,parathymia
Q18553278,parenchymatous neurosyphilis
Q104603192,parental mental illness
Q55346006,parkinsonism due to ATP13A2 deficiency
Q3366838,partialism
Q1335831,paruresis
Q28823477,passive–aggressive personality disorder
Q55786422,paternal 14q32.2 hypomethylation syndrome
Q55786420,paternal 14q32.2 microdeletion syndrome
Q748309,pathological gambling
Q4346962,pathological intoxication
Q370098,pathological lying
Q3373897,pecattiphilia
Q8388,pedophilia
Q98138044,penile dysmorphic disorder
Q3458171,penis-shrinker
Q6159040,perception of English /r/ and /l/ by Japanese speakers
Q20494879,performance anxiety
Q13038909,periodic limb movement disorder
Q1707008,perionychophagia
Q1132536,persecutory delusion
Q1499171,perseveration
Q55014084,persistent disorder of initiating or maintaining sleep
Q55014074,persistent disorder of initiating or maintaining wakefulness
Q3525894,personality changes
Q430947,personality development disorder
Q270673,personality disorder
Q2540067,personality disorder not otherwise specified
Q6691991,pervasive developmental disorder
Q7171237,pervasive refusal syndrome
Q22162415,phallophobia
Q55785878,phenobarbital embryopathy
Q175854,phobia
Q1688222,phonagnosia
Q10497677,phonasthenia
Q7187290,phonological dyslexia
Q55782468,phosphoribosylpyrophosphate synthetase superactivity
Q66296097,physiological sexual dysfunction
Q1134891,pica
Q1152737,piquerism
Q1639827,poly drug use
Q55784852,polyendocrine-polyneuropathy syndrome
Q55783974,polymicrogyria with optic nerve hypoplasia
Q55787018,polymicrogyria-turricephaly-hypogenitalism syndrome
Q653267,polyphagia
Q102186530,poor enunciation
Q1319971,pornography addiction
Q18413651,post ICU amnesia
Q1069589,post-chemotherapy cognitive impairment
Q2581333,post-concussion syndrome
Q3208285,post-schizophrenic depression
Q2106329,post-traumatic embitterment disorder
Q3664169,post-traumatic headache
Q202387,post-traumatic stress disorder
Q3508787,postencephalitic Parkinson disease
Q2357690,postencephalitic syndrome
Q55345797,posterior column ataxia-retinitis pigmentosa syndrome
Q56298078,posterior fossa syndrome
Q30913551,postictal psychosis
Q55345893,postnatal microcephaly-infantile hypotonia-spastic diplegia-dysarthria-intellectual disability syndrome
Q956181,postoperative cognitive dysfunction
Q935129,postpartum depression
Q2339132,postpartum psychosis
Q1246099,posttraumatic stress disorder in children and teens
Q7235099,potomania
Q55787017,preaxial polydactyly-colobomata-intellectual disability syndrome
Q55011592,predominant disturbance of consciousness
Q55014429,predominant disturbance of emotions
Q7239873,pregaming
Q2108373,pregorexia
Q319312,premature ejaculation
Q2728811,premenstrual dysphoric disorder
Q7240522,prenatal cocaine exposure
Q10638540,prepsychosis
Q7240713,presbylarynx
Q30913386,presbyophrenia
Q19936090,presenile dementia
Q7241734,pressure of speech
Q55790499,primary central sleep apnea syndrome
Q18558090,primary cerebellar degeneration
Q2110202,primary insomnia
Q55787774,primary non-essential cutis verticis gyrata
Q929963,primary polydipsia
Q18767,primary progressive aphasia
Q55346005,primary progressive apraxia of speech
Q7544146,problematic smartphone use
Q59681050,problematic social media use
Q30141385,problems with words in speaking or writing
Q111207408,profound autism
Q11791661,profound intellectual disability
Q55784884,progressive essential tremor-speech impairment-facial dysmorphism-intellectual disability-abnormal behavior syndrome
Q18583,progressive nonfluent aphasia
Q55784975,progressive spondyloepimetaphyseal dysplasia-short stature-short fourth metatarsals-intellectual disability syndrome
Q945930,progressive supranuclear palsy
Q7249599,prolidase deficiency
Q25408209,prolongated alalia
Q55782055,prominent glabella-microcephaly-hypogenitalism syndrome
Q244438,prosopagnosia
Q55783743,"prosopagnosia, hereditary"
Q19001414,protracted reactive paranoid psychosis
Q3508789,pseudobulbar affect
Q7254736,pseudodementia
Q2361468,pseudohallucination
Q25403104,pseudomnesia
Q7255172,pseudoneurotic schizophrenia
Q4392520,pseudophilosophical thinking
Q26721126,pseudopsychopathic schizophrenia
Q27924344,pseudoreminiscence
Q21116617,psycho-neurologic disturbance
Q18967178,psychogenic dysmenorrhea
Q1458782,psychogenic mental retardation
Q695954,psychogenic pain
Q18554007,psychologic dyspareunia
Q18553788,psychologic vaginismus
Q4419854,psychological pillow
Q1696880,psychoneurosis
Q7256456,psychoorganic syndrome
Q30897648,psychopathological symptom
Q56815734,psychopathological syndrome
Q21661573,psychopharmacological delirium
Q7256482,psychosexual disorder
Q170082,psychosis
Q3698300,psychotic break
Q2914583,psychotic depression
Q3042109,psychotic disharmony
Q55782821,pterygium colli-intellectual disability-digital anomalies syndrome
Q55786308,ptosis-syndactyly-learning difficulties syndrome
Q11831676,puerilism
Q20827012,punding
Q7261142,pure alexia
Q2367680,pure anarthria
Q622604,pyromania
Q2309570,pyrophilia
Q60963776,quasi-autism
Q7270562,queen bee syndrome
Q252110,querulant
Q25424564,querulous paranoia
Q56063104,racial trauma
Q7280328,radiation-induced cognitive decline
Q1781491,radiophobia
Q55782257,radioulnar synostosis-developmental delay-hypotonia syndrome
Q55790502,rapid eye movement sleep disorder
Q114757306,rapid-onset gender dysphoria
Q18701208,rapidly progressive dementia
Q55785790,rare disease with autism
Q55785255,rare non-syndromic intellectual disability
Q1329584,reactive attachment disorder
Q18971674,reactive confusion
Q8354911,reactive depression
Q97696569,reading disability
Q17077617,reading disorder and écrites disorder
Q1741331,receptive aphasia
Q55786926,recessive intellectual disability-motor dysfunction-multiple joint contractures syndrome
Q55346085,recessive mitochondrial ataxia syndrome
Q7303086,recreational use of dextromethorphan
Q55011401,recurrent major depression in complete remission
Q19001125,recurrent manic episodes
Q55346061,recurrent metabolic encephalomyopathic crises-rhabdomyolysis-cardiac arrhythmia-intellectual disability syndrome
Q2973381,reduced affect display
Q18638,reduplicative paramnesia
Q3445377,regressive autism
Q67135693,rejection sensitive dysphoria
Q7310715,relational disorder
Q16068890,relationship addiction
Q7311344,religious delusion
Q7312489,renal dysplasia-limb defects syndrome
Q32136710,renal hypomagnesemia 5 with ocular involvement
Q19001197,repetitive intrusions of sleep
Q3208830,residual schizophrenia
Q18966340,residual subchronic schizophrenia
Q10421047,resignation syndrome
Q3427757,respiratory-effort related arousals
Q55784851,retinitis pigmentosa-juvenile cataract-short stature-intellectual disability syndrome
Q1193891,retrograde amnesia
Q6129341,revendication neurosis
Q1244624,rhotacism
Q559543,rhythmic movement disorder
Q55785475,ring chromosome 10
Q623401,robot fetishism
Q2167365,roshutsu
Q113501758,ruinenlust
Q4358147,rumination disorder
Q17285927,sadistic personality disorder
Q2211650,sadomasochism
Q1266211,salirophilia
Q4138006,salophilia
Q11025831,satyriasis
Q467265,savant syndrome
Q7430080,scanning speech
Q18967748,schizo-affective type schizophrenia chronic state
Q18967612,schizo-affective type schizophrenia chronic state with acute exacerbation
Q55010770,schizo-affective type schizophrenia in remission
Q18966968,schizo-affective type schizophrenia subchronic state
Q18967746,schizo-affective type schizophrenia subchronic state with acute exacerbation
Q834047,schizoaffective disorder
Q498237,schizoid personality disorder
Q2236632,schizophasia
Q41112,schizophrenia
Q2903417,schizophrenia spectrum disorder
Q4523719,schizophrenia-like disorder
Q4523718,schizophrenic dementia
Q5840516,schizophrenic prodrome
Q26721384,schizophrenic reaction
Q2157462,schizophreniform disorder
Q861560,schizotypal personality disorder
Q1316515,school refusal
Q107417164,schoolgirl uniform fetish
Q2637106,scintillating scotoma
Q3497292,scopophobia
Q170102,scrapie
Q772440,scrupulosity
Q1051223,seasonal affective disorder
Q55632785,secondary mania
Q55782875,secondary nocturnal enuresis
Q55011220,secondary syphilitic meningitis
Q25377859,sedative overdose
Q565650,seeing pink elephants
Q55784965,seizures-scoliosis-macrocephaly syndrome
Q377493,selective mutism
Q580754,self-defeating personality disorder
Q18553690,semantic agnosia
Q18587,semantic dementia
Q11610626,senile dementia
Q10370073,senility
Q9247871,sensorial dyslalia
Q2300749,separation anxiety disorder
Q19365224,serious mental illness
Q3540885,severe behavioral disorder
Q55785083,severe growth deficiency-strabismus-extensive dermal melanocytosis-intellectual disability syndrome
Q55785007,severe intellectual disability-corpus callosum agenesis-facial dysmorphism-cerebellar ataxia syndrome
Q55788877,severe intellectual disability-epilepsy-anal anomalies-distal phalangeal hypoplasia
Q55784859,severe intellectual disability-epilepsy-cataract syndrome due to fatty acyl-CoA reductase 1 deficiency
Q55788188,severe intellectual disability-hypotonia-strabismus-coarse face-planovalgus syndrome
Q55787981,severe intellectual disability-progressive postnatal microcephaly- midline stereotypic hand movements syndrome
Q55999520,severe motor and intellectual disabilities-sensorineural deafness-dystonia syndrome
Q55787391,severe neonatal hypotonia-seizures-encephalopathy syndrome due to 5q31.3 microdeletion
Q56014156,severe phosphoribosylpyrophosphate synthetase superactivity
Q2735540,sexual addiction
Q2275677,sexual arousal disorder
Q25389052,sexual aversion
Q18553616,sexual disorder
Q1137463,sexual dysfunction
Q18553956,sexual masochism
Q5507613,sexual sadism disorder
Q1108601,sexual slavery
Q114714864,sexual trauma
Q15061465,shell shock
Q2398352,shift work sleep disorder
Q1651685,shoe fetishism
Q55785133,short stature-brachydactyly-obesity-global developmental delay syndrome
Q55786978,short stature-webbed neck-heart disease syndrome
Q55784536,short ulna-dysmorphism-hypotonia-intellectual disability syndrome
Q27164454,short-rib thoracic dysplasia 14 with polydactyly
Q16879474,short-term effects of alcohol
Q55786536,shoulder and girdle defects-familial intellectual disability syndrome
Q18965552,sideroblastic anemia with spinocerebellar ataxia
Q3483378,siderodromophilia
Q14338275,sigmatism
Q18967817,simple paranoid state
Q3937261,simple speech delay
Q2855814,simple-type schizophrenia
Q7521300,simulated pregnancy
Q2046811,simultanagnosia
Q18966274,single episode manic disorder
Q18968057,single episode mild major depression
Q18968058,single episode moderate major depression
Q18967971,single major depressive episode in full remission
Q37799360,sinistrophobia
Q3485506,sitomania
Q55782997,skeletal dysplasia-epilepsy-short stature syndrome
Q55782587,skeletal dysplasia-intellectual disability syndrome
Q213600,sleep apnea
Q19001302,sleep arousal disorder
Q68452037,sleep bruxism
Q177190,sleep disorder
Q102187069,sleep disturbance
Q3311944,sleep fragmentation
Q3508612,sleep hypoventilation syndrome
Q7539758,sleep inversion
Q486851,sleep paralysis
Q102186737,sleep related movement disorder
Q1637663,sleep sex
Q102221481,sleep-related breathing disorder
Q3540878,sleep-related dissociative disorder
Q54972453,sleep-wake disorder
Q48204536,sleep-wake transition disorders
Q388626,sleepwalking
Q519681,sluggish cognitive tempo
Q1967324,sluggish schizophrenia
Q21117191,slurred speech
Q11288503,smartphone overuse
Q7545938,smoker's face
Q7545936,smoker's melanosis
Q28092948,smoking addiction
Q2133089,smoking fetishism
Q2506540,sneaker fetishism
Q281928,social anxiety disorder
Q4353073,social communication disorder
Q7550406,social-emotional agnosia
Q4532199,sociogenic illness
Q941225,sociopathy
Q7557105,solastalgia
Q55009702,soldiers heart
Q21050391,somatic syndrome
Q1374020,somatization disorder
Q10673523,somatoform autonomic dysfunction
Q936549,somatoform disorder
Q65116172,somatoform disorder not otherwise specified
Q18169114,sophophobia
Q3614488,source amnesia
Q21082498,spastic ataxia
Q55345676,spastic paraplegia-epilepsy-intellectual disability syndrome
Q55345723,spastic paraplegia-glaucoma-intellectual disability syndrome
Q55345677,spastic paraplegia-nephritis-deafness syndrome
Q55345905,spastic paraplegia-severe developmental delay-epilepsy syndrome
Q55782316,spastic tetraplegia-retinitis pigmentosa-intellectual disability syndrome
Q55784959,spastic tetraplegia-thin corpus callosum-progressive postnatal microcephaly syndrome
Q2745489,spatial disorientation
Q7574962,species dysphoria
Q7574983,specific developmental disorder
Q775593,specific language impairment
Q2400784,specific learning disability
Q2015728,specific phobia
Q17147649,specific social phobia
Q7575254,spectrophilia
Q3626815,spectrophobia
Q7575316,spectrum disorder
Q2301465,speech delay
Q2313008,speech disability
Q1282114,speech disorder
Q4133283,speech sound disorder
Q102293401,speech-language disorder-1
Q16867852,spheksophobia
Q899726,spinocerebellar ataxia
Q55345728,spinocerebellar degeneration with slow eye movements
Q1325774,splitting
Q3054155,spoiled child
Q109314511,spoiled person
Q55782325,spondylocostal dysostosis-anal and genitourinary malformations syndrome
Q55787670,spondylocostal dysostosis-hypospadias-intellectual disability syndrome
Q55782327,"spondyloepiphyseal dysplasia tarda, Kohn type"
Q55783290,"spondyloepiphyseal dysplasia, Nishimura type"
Q55345784,spongiform encephalopathy with neuropsychiatric features
Q55345939,sporadic Creutzfeldt-Jakob disease
Q30314009,spring fever
Q2845978,stereotypic movement disorder
Q1198115,stereotypy
Q25378972,stigmatophilia
Q7617338,stilted speech
Q629515,stimulant psychosis
Q28208977,stimulant use disorder
Q3973816,stomatitis nicotina
Q511454,stranger anxiety
Q815296,stress-related disorders
Q186676,stuttering
Q18557988,subacute delirium
Q18966342,subchronic latent schizophrenia
Q18966337,subchronic schizophrenia
Q18966749,subchronic state latent schizophrenia with acute exacerbation
Q2116044,substance abuse in schizophrenia
Q3378593,substance dependence
Q865968,substance intoxication
Q7632070,substance use disorder
Q1820442,substance-induced anxiety disorder
Q2151786,substance-induced psychosis
Q4134457,substance-related disorder
Q84955474,subvigilance syndrome
Q25377887,sudden exercise abstinence syndrome
Q130727,sugar addiction
Q103821939,sugar rush
Q21558718,sulcus vocalis
Q16581800,sunday neurosis
Q3916681,sundowning
Q3269302,superiority complex
Q44627471,supersensitivity psychosis
Q168995,surdophobia
Q2868239,surface dyslexia
Q332768,survivor guilt
Q4419571,symbolic thinking
Q1331105,symphorophilia
Q28741649,symptom-depleted schizophrenia
Q56014189,symptomatic form of fragile X syndrome in female carrier
Q3961688,syndrome of Samos
Q1916319,syndrome of subjective doubles
Q8041560,X-linked intellectual disability
Q18553536,syndromic intellectual disability
Q55785281,syndromic lissencephaly
Q55784000,syndromic multisystem autoimmune disease due to ICTH deficiency
Q55785814,syndromic neurometabolic disease with X-linked intellectual disability
Q55785813,syndromic neurometabolic disease with non-X-linked intellectual disability
Q18553778,syphilitic encephalitis
Q3854684,syphilitic meningitis
Q18966652,syphilitic retrobulbar neuritis
Q2583311,tabes dorsalis
Q16518161,tabophobia
Q4452818,tachylalia
Q18553693,tactile agnosia
Q17162704,tactile hallucination
Q621053,taijin kyofusho
Q7682883,tangential speech
Q56325553,tardive dysphoria
Q3710023,tardive dysphrenia
Q7685723,tardive psychosis
Q107417166,teacher uniform fetish
Q1042900,technophobia
Q55787672,telecanthus-hypertelorism-strabismus-pes cavus syndrome
Q3512752,teleiophilia
Q612851,telephone phobia
Q1154399,television addiction
Q1648544,temper tantrum
Q9390604,temporal lobe syndrome
Q18558279,tertiary neurosyphilis
Q18932713,tertiary syphilitic encephalitis
Q55009671,tertiary syphilitic meningitis
Q1426787,test anxiety
Q72210,tetraphobia
Q10380268,theophobia
Q56013785,thiamine-responsive encephalopathy
Q7796989,thought blocking
Q7796990,thought broadcasting
Q1188698,thought disorder
Q7796994,thought insertion
Q7797002,thought withdrawal
Q841743,thousand-yard stare
Q25383796,tianeptine abuse
Q1077139,tic disorder
Q18553694,time agnosia
Q152100,tobacco use disorder
Q980010,tokophobia
Q55785879,toluene embryopathy
Q21908909,toneless voice
Q7824965,topographical agnosia
Q7828112,total enclosure fetishism
Q466475,trance
Q9385431,trance and possession disorder
Q10701324,trance disorder
Q96154453,trans* chaser
Q1309535,transcortical aphasia
Q2195598,transcortical motor aphasia
Q2080314,transcortical sensory aphasia
Q18967405,transient disorder of initiating or maintaining sleep
Q18966392,transient disorder of initiating or maintaining wakefulness
Q18740,transient global amnesia
Q19000750,transient organic mental disorder
Q2184304,transient tic disorder
Q55785079,transketolase deficiency
Q703961,transmissible spongiform encephalopathy
Q377402,transvestic fetishism
Q96077686,trauma and stressor related disorders
Q96077699,traumatic stress disorders
Q7836891,treatment-resistant depression
Q112136193,treatment-resistant schizophrenia
Q11790691,trench neurosis
Q1578799,trichophagia
Q3508795,trichorhinophalangeal syndrome type II
Q608259,trichotillomania
Q56313699,trihexyphenidyl use disorder
Q13,triskaidekaphobia
Q959048,troilism
Q560107,trypophobia
Q2166675,tulpa
Q16943654,ufufuyane
Q21086623,understanding aphasia
Q839072,underwear fetishism
Q3208822,undifferentiated schizophrenia
Q1858000,undifferentiated somatoform disorder
Q6149288,uniform fetishism
Q55950055,unipolar depression
Q96461709,unstable self-image
Q55782352,upper limb defect-eye and ear abnormalities syndrome
Q1713106,upskirt
Q66310301,urethralism
Q457251,urolagnia
Q1779312,urophagia
Q55780435,uveal coloboma-cleft lip and palate-intellectual disability
Q113996002,vaginal lubrication disorder
Q9081119,valproic acid antenatal infection
Q55782697,van den Bosch syndrome
Q7915745,variably protease-sensitive prionopathy
Q2323502,variant Creutzfeldt–Jakob disease
Q583908,vascular dementia
Q18556468,vasculogenic impotence
Q3505189,verbal auditory agnosia
Q2514100,verbigeration
Q4422074,vermiphobia
Q3564396,vesanic dementia
Q264231,village idiot
Q2436654,vinotherapy
Q55788503,visceral neuropathy-brain anomalies-facial dysmorphism-developmental delay syndrome
Q18742,visual agnosia
Q108598184,visual hallucination
Q1246050,visual verbal agnosia
Q7936643,visuospatial dysgnosia
Q1718230,vocal cord dysfunction
Q1584948,vocal cord granuloma
Q1616867,vocal cord polyps
Q473563,vocal fold nodule
Q4593337,voice disorder
Q15116671,voter apathy
Q183548,voyeurism
Q1407491,war neurosis
Q980400,weaknesses in understanding the meaning of numbers
Q926640,wet and messy fetishism
Q55787550,white matter hypoplasia-corpus callosum agenesis-intellectual disability syndrome
Q4420149,withdrawal symptom
Q24964955,women's fear of crime
Q4384351,word salad
Q19269381,workaholism
Q5282510,writing disorder
Q85555038,xanthophobia
Q612693,xeroderma pigmentosum
Q10395003,zelophilia
Q196877,zettai ryōiki
Q8392,zoophilia
Q4024770,zoopsia
Q3576065,zoosadism
